date,demand,predicted
2024-10-20,8997,9374.71
2024-10-21,6350,6213.57
2024-10-22,5936,6240.03
2024-10-23,6506,6206.85
2024-10-24,6518,6217.63
2024-10-25,6195,6230.47
2024-10-26,10122,9389.2
2024-10-27,8872,9120.62
2024-10-28,6141,6257.38
2024-10-29,6091,6317.35
2024-10-30,5961,6294.59
2024-10-31,6555,6460.93
2024-11-01,5956,6205.39
2024-11-02,10290,9570.24
2024-11-03,10042,9358.72
2024-11-04,6132,6304.11
2024-11-05,5936,6277.18
2024-11-06,6400,6124.55
2024-11-07,6285,6258.74
2024-11-08,6250,6282.98
2024-11-09,9500,9502.35
2024-11-10,8545,9532.16
2024-11-11,6136,6238.58
2024-11-12,5858,6238.82
2024-11-13,6023,6195.93
2024-11-14,5891,6216.79
2024-11-15,5923,6224.89
2024-11-16,9570,9408.22
2024-11-17,9943,9374.48
2024-11-18,5836,6355.01
2024-11-19,6307,6209.97
2024-11-20,6265,6241.02
2024-11-21,6117,6265.34
2024-11-22,6443,6259.22
2024-11-23,9065,9471.14
2024-11-24,9727,9484.1
2024-11-25,6178,6340.65
2024-11-26,6035,6250.54
2024-11-27,6230,6221.0
2024-11-28,6100,6337.62
2024-11-29,6408,6364.76
2024-11-30,9476,9021.61
2024-12-01,9250,9525.73
2024-12-02,5875,6236.72
2024-12-03,6060,6207.88
2024-12-04,5876,6306.44
2024-12-05,6548,6267.78
2024-12-06,6181,6209.11
2024-12-07,9499,9461.09
2024-12-08,9241,9265.76
2024-12-09,6352,6288.72
2024-12-10,6568,6289.58
2024-12-11,6094,6265.12
2024-12-12,5984,6304.49
2024-12-13,6066,6196.53
2024-12-14,9448,9398.12
2024-12-15,9084,9346.15
2024-12-16,6026,6247.36
2024-12-17,6548,6279.25
2024-12-18,5965,6203.27
2024-12-19,6161,6186.34
2024-12-20,6164,6240.71
2024-12-21,8598,9470.36
2024-12-22,9943,9584.04
2024-12-23,6361,6261.37
2024-12-24,6624,6275.96
2024-12-25,6157,6119.64
2024-12-26,5824,6304.71
2024-12-27,6130,6322.81
2024-12-28,9184,9292.43
2024-12-29,9137,9411.9
2024-12-30,6244,6310.39
