location_id,revenue,total_orders,avg_order_value,unique_customers,gross_revenue,total_cost,profit,total_wasted_qty,wastage_cost,profit_margin_pct
LOC016,83961051.40999997,14179,5921.507257916635,14179,83961051.63,37155602.36,46805449.269999996,25246,1294182.48,55.75
LOC009,83932049.99000001,14288,5874.303610722285,14288,83932050.23,37269411.93,46662638.300000004,26268,1298378.71,55.6
LOC007,83905176.79000004,14201,5908.399182451943,14201,83905177.48,37155666.09,46749511.39,25896,1312977.84,55.72
LOC015,82701025.72000003,14105,5863.241809287489,14105,82701025.99,36601639.25,46099386.739999995,25737,1270016.84,55.74
LOC004,82846938.00000001,14130,5863.194479830149,14130,82846937.42,36719413.42,46127524.0,25544,1278522.11,55.68
LOC013,84300476.85999992,14323,5885.671776862384,14323,84300476.15,37411216.81,46889259.34,27304,1340201.4,55.62
LOC010,84036755.58000004,14377,5845.221922515131,14377,84036754.56,37258085.73,46778668.830000006,25847,1267447.57,55.66
LOC006,83643520.9300001,14215,5884.173122054175,14215,83643520.43,37119331.83,46524188.60000001,26628,1324596.33,55.62
LOC020,85562692.69000001,14496,5902.503634795807,14496,85562693.09,37905971.37,47656721.720000006,26639,1353478.57,55.7
LOC008,83985473.48999995,14209,5910.723730734038,14209,83985473.82,37197439.8,46788034.019999996,26134,1308812.48,55.71
LOC018,84032676.61000003,14276,5886.290039927152,14276,84032677.21,37263451.49,46769225.71999999,27164,1328991.88,55.66
LOC011,83008313.60999998,14038,5913.115373272545,14038,83008313.01,36815084.11,46193228.900000006,26083,1298633.78,55.65
LOC017,84667811.31000006,14296,5922.482604224962,14296,84667811.39,37513191.67,47154619.72,26830,1331961.9,55.69
LOC014,84536756.51000002,14336,5896.816162806921,14336,84536757.15,37443273.93,47093483.220000006,26390,1283269.48,55.71
LOC002,85249755.50000009,14406,5917.656219630716,14406,85249755.22,37732485.9,47517269.32,26452,1305585.32,55.74
LOC001,82391811.46999995,14039,5868.780644632805,14039,82391811.04,36495164.59,45896646.45,26637,1328822.26,55.71
LOC012,84298512.19000001,14269,5907.807988646718,14269,84298512.54,37395239.0,46903273.54000001,27102,1356563.43,55.64
LOC019,84874154.01000006,14368,5907.16550737751,14368,84874154.46,37603393.04,47270761.419999994,25087,1284510.32,55.7
LOC005,83225076.01000002,14127,5891.206626318399,14127,83225074.79,36887993.46,46337081.330000006,26605,1353787.05,55.68
LOC003,83941154.92000005,14275,5880.291062697026,14275,83941156.59,37213139.22,46728017.370000005,26997,1353451.38,55.67
