item_id,item_name,category,cost,base_price,qty_sold,revenue,order_count,total_cost,profit,profit_pct,performance_class
ITM0144,Chinese_Item_144,Chinese,125.51,302.59,17490,5285994.84,8766,2195169.9,3090824.94,58.47,Profit Driver
ITM0150,Chinese_Item_150,Chinese,81.03,200.25,17501,3502394.27,8757,1418106.03,2084288.24,59.51,Profit Driver
ITM0018,Chinese_Item_18,Chinese,429.28,1143.6,17537,20046597.63,8780,7528283.36,12518314.27,62.45,Profit Driver
ITM0127,Main Course_Item_127,Main Course,236.69,472.51,17588,8308632.21,8810,4162903.72,4145728.49,49.9,Volume Driver
ITM0029,Seafood_Item_29,Seafood,387.9,1029.06,17356,17832150.48,8707,6732392.4,11099758.08,62.25,Profit Driver
ITM0081,Italian_Item_81,Italian,423.21,662.8,17397,11539206.63,8657,7362584.37,4176622.26,36.2,Volume Driver
ITM0121,Seafood_Item_121,Seafood,250.66,435.83,17428,7596795.1,8711,4368502.48,3228292.62,42.5,Volume Driver
ITM0138,Chinese_Item_138,Chinese,392.55,812.06,17799,14446385.44,8847,6986997.45,7459387.99,51.63,Volume Driver
ITM0046,Seafood_Item_46,Seafood,109.54,318.02,17657,5622445.7,8779,1934147.78,3688297.92,65.6,Profit Driver
ITM0023,Breakfast_Item_23,Breakfast,242.8,576.72,17300,9980460.69,8630,4200440.0,5780020.69,57.91,Hidden Opportunity
ITM0142,Breakfast_Item_142,Breakfast,118.57,200.3,17409,3488949.41,8681,2064185.13,1424764.28,40.84,Volume Driver
ITM0037,Desserts_Item_37,Desserts,346.89,1013.01,17416,17650003.84,8688,6041436.24,11608567.6,65.77,Profit Driver
ITM0091,Starters_Item_91,Starters,130.71,377.32,17519,6607439.71,8781,2289908.49,4317531.22,65.34,Profit Driver
ITM0022,Desserts_Item_22,Desserts,169.2,316.39,17600,5564768.05,8819,2977920.0,2586848.05,46.49,Volume Driver
ITM0065,Italian_Item_65,Italian,103.95,294.74,17208,5069229.69,8606,1788771.6,3280458.09,64.71,Hidden Opportunity
ITM0005,Seafood_Item_5,Seafood,238.78,519.06,17341,8997901.26,8686,4140683.98,4857217.28,53.98,Hidden Opportunity
ITM0041,Seafood_Item_41,Seafood,253.17,473.9,17734,8406813.18,8816,4489716.78,3917096.4,46.59,Volume Driver
ITM0102,Breakfast_Item_102,Breakfast,135.54,212.33,17216,3655858.41,8590,2333456.64,1322401.77,36.17,Low Performer
ITM0088,Chinese_Item_88,Chinese,401.05,1133.45,17753,20141519.74,8870,7119840.65,13021679.09,64.65,Profit Driver
ITM0017,Desserts_Item_17,Desserts,258.02,491.51,17843,8763067.32,8859,4603850.86,4159216.46,47.46,Volume Driver
ITM0141,Starters_Item_141,Starters,477.33,858.74,17111,14680658.66,8511,8167593.63,6513065.03,44.36,Low Performer
ITM0115,BBQ_Item_115,BBQ,236.5,578.16,17142,9910842.38,8600,4054083.0,5856759.38,59.09,Hidden Opportunity
ITM0110,BBQ_Item_110,BBQ,248.8,625.34,17334,10842862.06,8630,4312699.2,6530162.86,60.23,Hidden Opportunity
ITM0044,Main Course_Item_44,Main Course,457.44,1276.01,17058,21774311.58,8509,7803011.52,13971300.06,64.16,Hidden Opportunity
ITM0104,Chinese_Item_104,Chinese,244.08,713.52,17719,12644890.49,8864,4324853.52,8320036.97,65.8,Profit Driver
ITM0045,Seafood_Item_45,Seafood,157.1,393.29,17147,6751136.11,8621,2693793.7,4057342.41,60.1,Hidden Opportunity
ITM0063,Starters_Item_63,Starters,482.35,781.49,17602,13742851.23,8711,8490324.7,5252526.53,38.22,Volume Driver
ITM0090,Desserts_Item_90,Desserts,489.29,1328.99,17343,23054494.19,8701,8485756.47,14568737.72,63.19,Hidden Opportunity
ITM0052,Italian_Item_52,Italian,132.57,290.85,17275,5013890.17,8603,2290146.75,2723743.42,54.32,Hidden Opportunity
ITM0100,Breakfast_Item_100,Breakfast,245.55,636.67,16999,10830993.79,8579,4174104.45,6656889.34,61.46,Hidden Opportunity
ITM0149,Breakfast_Item_149,Breakfast,402.19,812.75,17293,14053577.05,8649,6955071.67,7098505.38,50.51,Low Performer
ITM0145,Desserts_Item_145,Desserts,484.12,804.68,17093,13756925.43,8553,8275063.16,5481862.27,39.85,Low Performer
ITM0140,Chinese_Item_140,Chinese,150.9,241.88,17273,4173791.28,8655,2606495.7,1567295.58,37.55,Low Performer
ITM0040,Italian_Item_40,Italian,497.82,1232.01,17554,21649466.02,8761,8738732.28,12910733.74,59.64,Profit Driver
ITM0010,Seafood_Item_10,Seafood,106.17,306.14,17230,5276210.19,8626,1829309.1,3446901.09,65.33,Hidden Opportunity
ITM0143,Breakfast_Item_143,Breakfast,476.49,1047.11,17490,18302471.04,8740,8333810.1,9968660.94,54.47,Profit Driver
ITM0085,Seafood_Item_85,Seafood,66.21,135.98,17511,2382550.11,8758,1159403.31,1223146.8,51.34,Volume Driver
ITM0117,Main Course_Item_117,Main Course,400.29,731.83,17047,12478873.26,8510,6823743.63,5655129.63,45.32,Low Performer
ITM0098,Starters_Item_98,Starters,101.9,301.18,17634,5303901.66,8771,1796904.6,3506997.06,66.12,Profit Driver
ITM0120,BBQ_Item_120,BBQ,325.69,839.93,16959,14252765.73,8474,5523376.71,8729389.02,61.25,Hidden Opportunity
ITM0067,Breakfast_Item_67,Breakfast,304.35,600.96,16927,10173044.85,8500,5151732.45,5021312.4,49.36,Low Performer
ITM0054,Starters_Item_54,Starters,343.47,793.72,17291,13723912.11,8663,5938939.77,7784972.34,56.73,Hidden Opportunity
ITM0092,Beverages_Item_92,Beverages,170.06,455.94,17139,7814672.4,8550,2914658.34,4900014.06,62.7,Hidden Opportunity
ITM0116,Italian_Item_116,Italian,272.47,508.42,17639,8960819.49,8771,4806098.33,4154721.16,46.37,Volume Driver
ITM0032,Fast Food_Item_32,Fast Food,428.75,969.62,17565,17024223.45,8791,7530993.75,9493229.7,55.76,Profit Driver
ITM0016,Main Course_Item_16,Main Course,324.11,569.37,17287,9834920.47,8651,5602889.57,4232030.9,43.03,Low Performer
ITM0028,Seafood_Item_28,Seafood,437.35,663.56,17083,11325040.38,8576,7471250.05,3853790.33,34.03,Low Performer
ITM0111,Desserts_Item_111,Desserts,346.48,667.21,16794,11197764.59,8375,5818785.12,5378979.47,48.04,Low Performer
ITM0025,Main Course_Item_25,Main Course,390.1,1089.02,17082,18588479.74,8505,6663688.2,11924791.54,64.15,Hidden Opportunity
ITM0058,Fast Food_Item_58,Fast Food,466.93,1250.3,17544,21933759.71,8749,8191819.92,13741939.79,62.65,Profit Driver
ITM0033,Desserts_Item_33,Desserts,218.26,380.28,17263,6566423.03,8648,3767822.38,2798600.65,42.62,Low Performer
ITM0083,Seafood_Item_83,Seafood,367.55,860.57,17723,15225435.6,8851,6514088.65,8711346.95,57.22,Profit Driver
ITM0126,Beverages_Item_126,Beverages,222.37,384.52,17278,6645441.37,8633,3842108.86,2803332.51,42.18,Low Performer
ITM0002,Desserts_Item_2,Desserts,381.41,959.26,17310,16609817.43,8674,6602207.1,10007610.33,60.25,Hidden Opportunity
ITM0036,Main Course_Item_36,Main Course,379.36,1033.39,17700,18299158.49,8888,6714672.0,11584486.49,63.31,Profit Driver
ITM0011,Seafood_Item_11,Seafood,181.93,444.45,17400,7725641.86,8727,3165582.0,4560059.86,59.02,Profit Driver
ITM0062,Starters_Item_62,Starters,72.56,160.73,17524,2814463.93,8768,1271541.44,1542922.49,54.82,Profit Driver
ITM0019,Starters_Item_19,Starters,412.27,866.49,17310,14998541.68,8638,7136393.7,7862147.98,52.42,Low Performer
ITM0051,Beverages_Item_51,Beverages,136.22,313.91,17156,5381979.95,8661,2336990.32,3044989.63,56.58,Hidden Opportunity
ITM0124,Main Course_Item_124,Main Course,371.1,687.18,17614,12102152.42,8818,6536555.4,5565597.02,45.99,Volume Driver
ITM0122,BBQ_Item_122,BBQ,166.64,311.76,17442,5440341.67,8697,2906534.88,2533806.79,46.57,Volume Driver
ITM0099,Breakfast_Item_99,Breakfast,483.14,917.1,17126,15706634.84,8605,8274255.64,7432379.2,47.32,Low Performer
ITM0119,BBQ_Item_119,BBQ,110.0,241.67,17520,4230995.3,8741,1927200.0,2303795.3,54.45,Profit Driver
ITM0103,Starters_Item_103,Starters,283.96,769.47,17296,13314326.08,8688,4911372.16,8402953.92,63.11,Hidden Opportunity
ITM0070,Chinese_Item_70,Chinese,468.06,1359.06,17299,23489233.89,8690,8096969.94,15392263.95,65.53,Hidden Opportunity
ITM0113,Beverages_Item_113,Beverages,412.95,710.7,17258,12258790.64,8657,7126691.1,5132099.54,41.86,Low Performer
ITM0047,Beverages_Item_47,Beverages,403.08,1092.85,17410,19024243.38,8660,7017622.8,12006620.58,63.11,Profit Driver
ITM0007,Chinese_Item_7,Chinese,175.04,319.09,17359,5542360.82,8663,3038519.36,2503841.46,45.18,Volume Driver
ITM0139,Fast Food_Item_139,Fast Food,425.71,938.89,17372,16318733.06,8720,7395434.12,8923298.94,54.68,Profit Driver
ITM0079,Beverages_Item_79,Beverages,359.37,998.82,17450,17419633.01,8686,6271006.5,11148626.51,64.0,Profit Driver
ITM0130,BBQ_Item_130,BBQ,52.65,106.76,17552,1873908.84,8740,924112.8,949796.04,50.69,Volume Driver
ITM0105,Breakfast_Item_105,Breakfast,191.26,530.18,17302,9166145.5,8707,3309180.52,5856964.98,63.9,Hidden Opportunity
ITM0112,Main Course_Item_112,Main Course,418.29,1098.73,17319,19045202.96,8690,7244364.51,11800838.45,61.96,Hidden Opportunity
ITM0095,Beverages_Item_95,Beverages,150.32,374.3,17380,6502110.12,8709,2612561.6,3889548.52,59.82,Profit Driver
ITM0086,Italian_Item_86,Italian,107.35,210.66,17415,3670297.26,8664,1869500.25,1800797.01,49.06,Volume Driver
ITM0125,Chinese_Item_125,Chinese,451.86,732.4,17470,12793443.04,8802,7893994.2,4899448.84,38.3,Volume Driver
ITM0048,Main Course_Item_48,Main Course,93.62,200.96,17427,3502811.77,8679,1631515.74,1871296.03,53.42,Profit Driver
ITM0004,Beverages_Item_4,Beverages,277.41,427.16,17475,7464835.66,8747,4847739.75,2617095.91,35.06,Volume Driver
ITM0061,Breakfast_Item_61,Breakfast,381.08,606.46,17184,10418689.72,8633,6548478.72,3870211.0,37.15,Low Performer
ITM0053,BBQ_Item_53,BBQ,413.61,1151.47,17328,19963757.64,8656,7167034.08,12796723.56,64.1,Hidden Opportunity
ITM0071,BBQ_Item_71,BBQ,329.52,772.56,17023,13164662.34,8560,5609418.96,7555243.38,57.39,Hidden Opportunity
ITM0128,Italian_Item_128,Italian,78.02,214.5,17467,3746711.03,8719,1362775.34,2383935.69,63.63,Profit Driver
ITM0066,Breakfast_Item_66,Breakfast,317.53,771.3,17471,13478921.38,8732,5547566.63,7931354.75,58.84,Profit Driver
ITM0012,Breakfast_Item_12,Breakfast,136.53,219.04,17173,3762497.86,8591,2344629.69,1417868.17,37.68,Low Performer
ITM0064,Main Course_Item_64,Main Course,317.77,798.5,17623,14071216.69,8725,5600060.71,8471155.98,60.2,Profit Driver
ITM0146,Fast Food_Item_146,Fast Food,309.11,884.68,17004,15048957.01,8515,5256106.44,9792850.57,65.07,Hidden Opportunity
ITM0050,Starters_Item_50,Starters,231.18,464.43,17287,8024604.2,8594,3996408.66,4028195.54,50.2,Low Performer
ITM0059,Italian_Item_59,Italian,363.47,943.48,17350,16373800.86,8678,6306204.5,10067596.36,61.49,Hidden Opportunity
ITM0089,Breakfast_Item_89,Breakfast,387.26,1118.66,17536,19615430.72,8778,6790991.36,12824439.36,65.38,Profit Driver
ITM0084,Main Course_Item_84,Main Course,475.27,1205.54,17290,20839668.41,8687,8217418.3,12622250.11,60.57,Hidden Opportunity
ITM0030,Main Course_Item_30,Main Course,182.08,316.32,17140,5420119.81,8566,3120851.2,2299268.61,42.42,Low Performer
ITM0042,Chinese_Item_42,Chinese,59.47,138.62,17247,2389974.7,8651,1025679.09,1364295.61,57.08,Hidden Opportunity
ITM0077,Fast Food_Item_77,Fast Food,101.94,169.28,17315,2926936.04,8739,1765091.1,1161844.94,39.69,Low Performer
ITM0021,Beverages_Item_21,Beverages,344.95,722.13,17337,12506630.91,8694,5980398.15,6526232.76,52.18,Low Performer
ITM0027,Italian_Item_27,Italian,221.73,663.9,17381,11539301.95,8663,3853889.13,7685412.82,66.6,Profit Driver
ITM0108,Desserts_Item_108,Desserts,326.98,638.08,17320,11049546.93,8706,5663293.6,5386253.33,48.75,Low Performer
ITM0136,Italian_Item_136,Italian,111.06,243.5,17232,4195268.35,8629,1913785.92,2281482.43,54.38,Hidden Opportunity
ITM0148,Main Course_Item_148,Main Course,363.74,710.16,17553,12459320.99,8830,6384728.22,6074592.77,48.76,Volume Driver
ITM0082,Desserts_Item_82,Desserts,336.7,637.35,17887,11394641.44,8853,6022552.9,5372088.54,47.15,Volume Driver
ITM0106,Seafood_Item_106,Seafood,189.18,399.66,17288,6908384.93,8696,3270543.84,3637841.09,52.66,Low Performer
ITM0118,Starters_Item_118,Starters,300.83,865.25,17562,15191100.63,8879,5283176.46,9907924.17,65.22,Profit Driver
ITM0001,Main Course_Item_1,Main Course,61.25,117.14,17382,2037510.97,8647,1064647.5,972863.47,47.75,Volume Driver
ITM0008,Main Course_Item_8,Main Course,91.74,150.92,17299,2610426.07,8677,1587010.26,1023415.81,39.2,Low Performer
ITM0072,Main Course_Item_72,Main Course,291.94,659.44,17464,11519162.34,8771,5098440.16,6420722.18,55.74,Profit Driver
ITM0097,Chinese_Item_97,Chinese,338.67,711.04,17188,12217613.39,8598,5821059.96,6396553.43,52.36,Low Performer
ITM0087,Chinese_Item_87,Chinese,144.53,270.89,17302,4683232.62,8643,2500658.06,2182574.56,46.6,Low Performer
ITM0129,Breakfast_Item_129,Breakfast,475.73,727.53,17172,12492366.54,8585,8169235.56,4323130.98,34.61,Low Performer
ITM0137,Fast Food_Item_137,Fast Food,220.6,400.94,17038,6836068.36,8555,3758582.8,3077485.56,45.02,Low Performer
ITM0132,BBQ_Item_132,BBQ,148.74,320.35,17446,5584515.28,8732,2594918.04,2989597.24,53.53,Profit Driver
ITM0013,Fast Food_Item_13,Fast Food,493.35,1372.98,17222,23640194.09,8608,8496473.7,15143720.39,64.06,Hidden Opportunity
ITM0080,Fast Food_Item_80,Fast Food,457.4,1266.61,17319,21929848.88,8619,7921710.6,14008138.28,63.88,Hidden Opportunity
ITM0024,Beverages_Item_24,Beverages,498.8,851.7,17476,14880780.14,8804,8717028.8,6163751.34,41.42,Volume Driver
ITM0093,Italian_Item_93,Italian,442.48,1233.59,17694,21809500.95,8787,7829241.12,13980259.83,64.1,Profit Driver
ITM0057,Starters_Item_57,Starters,124.09,186.54,17124,3193477.71,8663,2124917.16,1068560.55,33.46,Low Performer
ITM0131,Italian_Item_131,Italian,292.2,760.29,16995,12923922.41,8506,4965939.0,7957983.41,61.58,Hidden Opportunity
ITM0035,Fast Food_Item_35,Fast Food,157.75,293.62,17333,5096891.8,8685,2734280.75,2362611.05,46.35,Low Performer
ITM0075,Breakfast_Item_75,Breakfast,492.73,1335.62,17383,23232145.87,8703,8565125.59,14667020.28,63.13,Profit Driver
ITM0031,Fast Food_Item_31,Fast Food,487.35,1288.04,17420,22440512.47,8736,8489637.0,13950875.47,62.17,Profit Driver
ITM0096,Chinese_Item_96,Chinese,175.37,281.32,17015,4783381.89,8510,2983920.55,1799461.34,37.62,Low Performer
ITM0039,Seafood_Item_39,Seafood,389.87,988.24,17122,16908908.18,8561,6675354.14,10233554.04,60.52,Hidden Opportunity
ITM0049,Italian_Item_49,Italian,260.16,674.75,17451,11769277.7,8750,4540052.16,7229225.54,61.42,Profit Driver
ITM0101,Italian_Item_101,Italian,322.79,731.81,16857,12323067.67,8457,5441271.03,6881796.64,55.84,Hidden Opportunity
ITM0003,Breakfast_Item_3,Breakfast,239.86,370.51,17209,6368288.35,8616,4127750.74,2240537.61,35.18,Low Performer
ITM0107,Fast Food_Item_107,Fast Food,299.49,535.42,17426,9328805.59,8775,5218912.74,4109892.85,44.06,Volume Driver
ITM0014,Italian_Item_14,Italian,175.09,429.59,17014,7311953.14,8575,2978981.26,4332971.88,59.26,Hidden Opportunity
ITM0109,Fast Food_Item_109,Fast Food,179.11,384.16,16987,6526379.33,8490,3042541.57,3483837.76,53.38,Hidden Opportunity
ITM0009,Breakfast_Item_9,Breakfast,169.03,264.56,17648,4667098.12,8778,2983041.44,1684056.68,36.08,Volume Driver
ITM0068,Beverages_Item_68,Beverages,351.38,692.67,17611,12190507.85,8784,6188153.18,6002354.67,49.24,Volume Driver
ITM0123,Seafood_Item_123,Seafood,268.07,498.31,17304,8615912.94,8602,4638683.28,3977229.66,46.16,Low Performer
ITM0006,Starters_Item_6,Starters,391.46,680.94,17072,11636509.99,8580,6683005.12,4953504.87,42.57,Low Performer
ITM0020,Beverages_Item_20,Beverages,460.91,1083.49,17350,18803287.09,8643,7996788.5,10806498.59,57.47,Hidden Opportunity
ITM0055,Main Course_Item_55,Main Course,466.87,1294.65,17612,22795191.7,8801,8222514.44,14572677.26,63.93,Profit Driver
ITM0073,Chinese_Item_73,Chinese,446.39,1258.33,17035,21435100.14,8571,7604253.65,13830846.49,64.52,Hidden Opportunity
ITM0069,Italian_Item_69,Italian,108.9,268.79,17181,4616782.87,8608,1871010.9,2745771.97,59.47,Hidden Opportunity
ITM0056,Italian_Item_56,Italian,268.54,488.91,17412,8511792.5,8754,4675818.48,3835974.02,45.07,Volume Driver
ITM0076,Seafood_Item_76,Seafood,184.72,460.89,17536,8082233.85,8855,3239249.92,4842983.93,59.92,Profit Driver
ITM0094,Beverages_Item_94,Beverages,417.46,914.43,17364,15879474.7,8626,7248775.44,8630699.26,54.35,Profit Driver
ITM0078,Fast Food_Item_78,Fast Food,176.79,321.04,17230,5532323.7,8612,3046091.7,2486232.0,44.94,Low Performer
ITM0026,Desserts_Item_26,Desserts,406.44,867.03,17167,14880151.84,8580,6977355.48,7902796.36,53.11,Low Performer
ITM0114,Beverages_Item_114,Beverages,492.77,1190.98,17396,20720063.93,8700,8572226.92,12147837.01,58.63,Profit Driver
ITM0015,Desserts_Item_15,Desserts,216.58,392.93,17162,6744956.32,8612,3716945.96,3028010.36,44.89,Low Performer
ITM0074,Fast Food_Item_74,Fast Food,120.99,332.8,17885,5949785.19,8914,2163906.15,3785879.04,63.63,Profit Driver
ITM0133,Italian_Item_133,Italian,201.26,506.92,17287,8754621.42,8626,3479181.62,5275439.8,60.26,Hidden Opportunity
ITM0038,Fast Food_Item_38,Fast Food,287.45,692.72,17440,12077531.69,8726,5013128.0,7064403.69,58.49,Profit Driver
ITM0060,Desserts_Item_60,Desserts,135.45,247.41,17295,4280979.44,8629,2342607.75,1938371.69,45.28,Low Performer
ITM0043,Starters_Item_43,Starters,81.95,200.5,17717,3551324.87,8785,1451908.15,2099416.72,59.12,Profit Driver
ITM0135,Italian_Item_135,Italian,316.35,789.13,17260,13611084.68,8570,5460201.0,8150883.68,59.88,Hidden Opportunity
ITM0034,Breakfast_Item_34,Breakfast,195.87,299.53,17614,5278796.63,8826,3450054.18,1828742.45,34.64,Volume Driver
ITM0147,Italian_Item_147,Italian,473.66,851.4,17649,15029042.34,8733,8359625.34,6669417.0,44.38,Volume Driver
ITM0134,Desserts_Item_134,Desserts,428.23,1233.01,17369,21424437.3,8681,7437926.87,13986510.43,65.28,Profit Driver
