item_id,item_name,category,cost,base_price,qty_sold,revenue,order_count,total_cost,profit,profit_pct,performance_class,wastage_pct,recommendation,priority,evidence
ITM0144,Chinese_Item_144,Chinese,125.51,302.59,17490,5285994.84,8766,2195169.9,3090824.94,58.47,Profit Driver,16.65,MAINTAIN - Strong performer,High,Margin: 58.47% | Sold: 17490 | Wastage: 16.65%
ITM0150,Chinese_Item_150,Chinese,81.03,200.25,17501,3502394.27,8757,1418106.03,2084288.24,59.51,Profit Driver,14.81,MAINTAIN - Strong performer,High,Margin: 59.51% | Sold: 17501 | Wastage: 14.81%
ITM0018,Chinese_Item_18,Chinese,429.28,1143.6,17537,20046597.63,8780,7528283.36,12518314.27,62.45,Profit Driver,16.83,MAINTAIN - Strong performer,High,Margin: 62.45% | Sold: 17537 | Wastage: 16.83%
ITM0127,Main Course_Item_127,Main Course,236.69,472.51,17588,8308632.21,8810,4162903.72,4145728.49,49.9,Volume Driver,15.73,MONITOR,Medium,Margin: 49.9% | Sold: 17588 | Wastage: 15.73%
ITM0029,Seafood_Item_29,Seafood,387.9,1029.06,17356,17832150.48,8707,6732392.4,11099758.08,62.25,Profit Driver,16.88,MAINTAIN - Strong performer,High,Margin: 62.25% | Sold: 17356 | Wastage: 16.88%
ITM0081,Italian_Item_81,Italian,423.21,662.8,17397,11539206.63,8657,7362584.37,4176622.26,36.2,Volume Driver,16.93,"REPRICE - High volume, low margin",Low,Margin: 36.2% | Sold: 17397 | Wastage: 16.93%
ITM0121,Seafood_Item_121,Seafood,250.66,435.83,17428,7596795.1,8711,4368502.48,3228292.62,42.5,Volume Driver,15.69,MONITOR,Low,Margin: 42.5% | Sold: 17428 | Wastage: 15.69%
ITM0138,Chinese_Item_138,Chinese,392.55,812.06,17799,14446385.44,8847,6986997.45,7459387.99,51.63,Volume Driver,15.78,MONITOR,Medium,Margin: 51.63% | Sold: 17799 | Wastage: 15.78%
ITM0046,Seafood_Item_46,Seafood,109.54,318.02,17657,5622445.7,8779,1934147.78,3688297.92,65.6,Profit Driver,15.18,MAINTAIN - Strong performer,Critical,Margin: 65.6% | Sold: 17657 | Wastage: 15.18%
ITM0023,Breakfast_Item_23,Breakfast,242.8,576.72,17300,9980460.69,8630,4200440.0,5780020.69,57.91,Hidden Opportunity,15.98,MONITOR,High,Margin: 57.91% | Sold: 17300 | Wastage: 15.98%
ITM0142,Breakfast_Item_142,Breakfast,118.57,200.3,17409,3488949.41,8681,2064185.13,1424764.28,40.84,Volume Driver,15.69,MONITOR,Low,Margin: 40.84% | Sold: 17409 | Wastage: 15.69%
ITM0037,Desserts_Item_37,Desserts,346.89,1013.01,17416,17650003.84,8688,6041436.24,11608567.6,65.77,Profit Driver,16.53,MAINTAIN - Strong performer,Critical,Margin: 65.77% | Sold: 17416 | Wastage: 16.53%
ITM0091,Starters_Item_91,Starters,130.71,377.32,17519,6607439.71,8781,2289908.49,4317531.22,65.34,Profit Driver,15.95,MAINTAIN - Strong performer,Critical,Margin: 65.34% | Sold: 17519 | Wastage: 15.95%
ITM0022,Desserts_Item_22,Desserts,169.2,316.39,17600,5564768.05,8819,2977920.0,2586848.05,46.49,Volume Driver,17.03,MONITOR,Medium,Margin: 46.49% | Sold: 17600 | Wastage: 17.03%
ITM0065,Italian_Item_65,Italian,103.95,294.74,17208,5069229.69,8606,1788771.6,3280458.09,64.71,Hidden Opportunity,14.8,"PROMOTE - High margin, low visibility",High,Margin: 64.71% | Sold: 17208 | Wastage: 14.8%
ITM0005,Seafood_Item_5,Seafood,238.78,519.06,17341,8997901.26,8686,4140683.98,4857217.28,53.98,Hidden Opportunity,17.26,MONITOR,Medium,Margin: 53.98% | Sold: 17341 | Wastage: 17.26%
ITM0041,Seafood_Item_41,Seafood,253.17,473.9,17734,8406813.18,8816,4489716.78,3917096.4,46.59,Volume Driver,15.57,MONITOR,Medium,Margin: 46.59% | Sold: 17734 | Wastage: 15.57%
ITM0102,Breakfast_Item_102,Breakfast,135.54,212.33,17216,3655858.41,8590,2333456.64,1322401.77,36.17,Low Performer,17.03,REVIEW - Low performer with high wastage,Low,Margin: 36.17% | Sold: 17216 | Wastage: 17.03%
ITM0088,Chinese_Item_88,Chinese,401.05,1133.45,17753,20141519.74,8870,7119840.65,13021679.09,64.65,Profit Driver,15.94,MAINTAIN - Strong performer,High,Margin: 64.65% | Sold: 17753 | Wastage: 15.94%
ITM0017,Desserts_Item_17,Desserts,258.02,491.51,17843,8763067.32,8859,4603850.86,4159216.46,47.46,Volume Driver,15.12,MONITOR,Medium,Margin: 47.46% | Sold: 17843 | Wastage: 15.12%
ITM0141,Starters_Item_141,Starters,477.33,858.74,17111,14680658.66,8511,8167593.63,6513065.03,44.36,Low Performer,16.14,REVIEW - Low performer with high wastage,Low,Margin: 44.36% | Sold: 17111 | Wastage: 16.14%
ITM0115,BBQ_Item_115,BBQ,236.5,578.16,17142,9910842.38,8600,4054083.0,5856759.38,59.09,Hidden Opportunity,17.37,MONITOR,High,Margin: 59.09% | Sold: 17142 | Wastage: 17.37%
ITM0110,BBQ_Item_110,BBQ,248.8,625.34,17334,10842862.06,8630,4312699.2,6530162.86,60.23,Hidden Opportunity,16.63,"PROMOTE - High margin, low visibility",High,Margin: 60.23% | Sold: 17334 | Wastage: 16.63%
ITM0044,Main Course_Item_44,Main Course,457.44,1276.01,17058,21774311.58,8509,7803011.52,13971300.06,64.16,Hidden Opportunity,16.79,"PROMOTE - High margin, low visibility",High,Margin: 64.16% | Sold: 17058 | Wastage: 16.79%
ITM0104,Chinese_Item_104,Chinese,244.08,713.52,17719,12644890.49,8864,4324853.52,8320036.97,65.8,Profit Driver,15.0,MAINTAIN - Strong performer,Critical,Margin: 65.8% | Sold: 17719 | Wastage: 15.0%
ITM0045,Seafood_Item_45,Seafood,157.1,393.29,17147,6751136.11,8621,2693793.7,4057342.41,60.1,Hidden Opportunity,17.15,"PROMOTE - High margin, low visibility",High,Margin: 60.1% | Sold: 17147 | Wastage: 17.15%
ITM0063,Starters_Item_63,Starters,482.35,781.49,17602,13742851.23,8711,8490324.7,5252526.53,38.22,Volume Driver,16.38,"REPRICE - High volume, low margin",Low,Margin: 38.22% | Sold: 17602 | Wastage: 16.38%
ITM0090,Desserts_Item_90,Desserts,489.29,1328.99,17343,23054494.19,8701,8485756.47,14568737.72,63.19,Hidden Opportunity,16.99,"PROMOTE - High margin, low visibility",High,Margin: 63.19% | Sold: 17343 | Wastage: 16.99%
ITM0052,Italian_Item_52,Italian,132.57,290.85,17275,5013890.17,8603,2290146.75,2723743.42,54.32,Hidden Opportunity,15.84,MONITOR,Medium,Margin: 54.32% | Sold: 17275 | Wastage: 15.84%
ITM0100,Breakfast_Item_100,Breakfast,245.55,636.67,16999,10830993.79,8579,4174104.45,6656889.34,61.46,Hidden Opportunity,17.17,"PROMOTE - High margin, low visibility",High,Margin: 61.46% | Sold: 16999 | Wastage: 17.17%
ITM0149,Breakfast_Item_149,Breakfast,402.19,812.75,17293,14053577.05,8649,6955071.67,7098505.38,50.51,Low Performer,16.47,REVIEW - Low performer with high wastage,Medium,Margin: 50.51% | Sold: 17293 | Wastage: 16.47%
ITM0145,Desserts_Item_145,Desserts,484.12,804.68,17093,13756925.43,8553,8275063.16,5481862.27,39.85,Low Performer,17.78,REVIEW - Low performer with high wastage,Low,Margin: 39.85% | Sold: 17093 | Wastage: 17.78%
ITM0140,Chinese_Item_140,Chinese,150.9,241.88,17273,4173791.28,8655,2606495.7,1567295.58,37.55,Low Performer,16.16,REVIEW - Low performer with high wastage,Low,Margin: 37.55% | Sold: 17273 | Wastage: 16.16%
ITM0040,Italian_Item_40,Italian,497.82,1232.01,17554,21649466.02,8761,8738732.28,12910733.74,59.64,Profit Driver,17.34,MAINTAIN - Strong performer,High,Margin: 59.64% | Sold: 17554 | Wastage: 17.34%
ITM0010,Seafood_Item_10,Seafood,106.17,306.14,17230,5276210.19,8626,1829309.1,3446901.09,65.33,Hidden Opportunity,15.79,"PROMOTE - High margin, low visibility",Critical,Margin: 65.33% | Sold: 17230 | Wastage: 15.79%
ITM0143,Breakfast_Item_143,Breakfast,476.49,1047.11,17490,18302471.04,8740,8333810.1,9968660.94,54.47,Profit Driver,16.23,MAINTAIN - Strong performer,Medium,Margin: 54.47% | Sold: 17490 | Wastage: 16.23%
ITM0085,Seafood_Item_85,Seafood,66.21,135.98,17511,2382550.11,8758,1159403.31,1223146.8,51.34,Volume Driver,15.18,MONITOR,Medium,Margin: 51.34% | Sold: 17511 | Wastage: 15.18%
ITM0117,Main Course_Item_117,Main Course,400.29,731.83,17047,12478873.26,8510,6823743.63,5655129.63,45.32,Low Performer,15.01,REVIEW - Low performer with high wastage,Medium,Margin: 45.32% | Sold: 17047 | Wastage: 15.01%
ITM0098,Starters_Item_98,Starters,101.9,301.18,17634,5303901.66,8771,1796904.6,3506997.06,66.12,Profit Driver,16.15,MAINTAIN - Strong performer,Critical,Margin: 66.12% | Sold: 17634 | Wastage: 16.15%
ITM0120,BBQ_Item_120,BBQ,325.69,839.93,16959,14252765.73,8474,5523376.71,8729389.02,61.25,Hidden Opportunity,16.73,"PROMOTE - High margin, low visibility",High,Margin: 61.25% | Sold: 16959 | Wastage: 16.73%
ITM0067,Breakfast_Item_67,Breakfast,304.35,600.96,16927,10173044.85,8500,5151732.45,5021312.4,49.36,Low Performer,16.13,REVIEW - Low performer with high wastage,Medium,Margin: 49.36% | Sold: 16927 | Wastage: 16.13%
ITM0054,Starters_Item_54,Starters,343.47,793.72,17291,13723912.11,8663,5938939.77,7784972.34,56.73,Hidden Opportunity,16.1,MONITOR,High,Margin: 56.73% | Sold: 17291 | Wastage: 16.1%
ITM0092,Beverages_Item_92,Beverages,170.06,455.94,17139,7814672.4,8550,2914658.34,4900014.06,62.7,Hidden Opportunity,14.08,"PROMOTE - High margin, low visibility",High,Margin: 62.7% | Sold: 17139 | Wastage: 14.08%
ITM0116,Italian_Item_116,Italian,272.47,508.42,17639,8960819.49,8771,4806098.33,4154721.16,46.37,Volume Driver,17.43,MONITOR,Medium,Margin: 46.37% | Sold: 17639 | Wastage: 17.43%
ITM0032,Fast Food_Item_32,Fast Food,428.75,969.62,17565,17024223.45,8791,7530993.75,9493229.7,55.76,Profit Driver,16.04,MAINTAIN - Strong performer,High,Margin: 55.76% | Sold: 17565 | Wastage: 16.04%
ITM0016,Main Course_Item_16,Main Course,324.11,569.37,17287,9834920.47,8651,5602889.57,4232030.9,43.03,Low Performer,15.37,REVIEW - Low performer with high wastage,Low,Margin: 43.03% | Sold: 17287 | Wastage: 15.37%
ITM0028,Seafood_Item_28,Seafood,437.35,663.56,17083,11325040.38,8576,7471250.05,3853790.33,34.03,Low Performer,14.15,MONITOR,Low,Margin: 34.03% | Sold: 17083 | Wastage: 14.15%
ITM0111,Desserts_Item_111,Desserts,346.48,667.21,16794,11197764.59,8375,5818785.12,5378979.47,48.04,Low Performer,15.02,REVIEW - Low performer with high wastage,Medium,Margin: 48.04% | Sold: 16794 | Wastage: 15.02%
ITM0025,Main Course_Item_25,Main Course,390.1,1089.02,17082,18588479.74,8505,6663688.2,11924791.54,64.15,Hidden Opportunity,16.41,"PROMOTE - High margin, low visibility",High,Margin: 64.15% | Sold: 17082 | Wastage: 16.41%
ITM0058,Fast Food_Item_58,Fast Food,466.93,1250.3,17544,21933759.71,8749,8191819.92,13741939.79,62.65,Profit Driver,16.3,MAINTAIN - Strong performer,High,Margin: 62.65% | Sold: 17544 | Wastage: 16.3%
ITM0033,Desserts_Item_33,Desserts,218.26,380.28,17263,6566423.03,8648,3767822.38,2798600.65,42.62,Low Performer,16.87,REVIEW - Low performer with high wastage,Low,Margin: 42.62% | Sold: 17263 | Wastage: 16.87%
ITM0083,Seafood_Item_83,Seafood,367.55,860.57,17723,15225435.6,8851,6514088.65,8711346.95,57.22,Profit Driver,16.43,MAINTAIN - Strong performer,High,Margin: 57.22% | Sold: 17723 | Wastage: 16.43%
ITM0126,Beverages_Item_126,Beverages,222.37,384.52,17278,6645441.37,8633,3842108.86,2803332.51,42.18,Low Performer,16.25,REVIEW - Low performer with high wastage,Low,Margin: 42.18% | Sold: 17278 | Wastage: 16.25%
ITM0002,Desserts_Item_2,Desserts,381.41,959.26,17310,16609817.43,8674,6602207.1,10007610.33,60.25,Hidden Opportunity,16.27,"PROMOTE - High margin, low visibility",High,Margin: 60.25% | Sold: 17310 | Wastage: 16.27%
ITM0036,Main Course_Item_36,Main Course,379.36,1033.39,17700,18299158.49,8888,6714672.0,11584486.49,63.31,Profit Driver,16.49,MAINTAIN - Strong performer,High,Margin: 63.31% | Sold: 17700 | Wastage: 16.49%
ITM0011,Seafood_Item_11,Seafood,181.93,444.45,17400,7725641.86,8727,3165582.0,4560059.86,59.02,Profit Driver,16.53,MAINTAIN - Strong performer,High,Margin: 59.02% | Sold: 17400 | Wastage: 16.53%
ITM0062,Starters_Item_62,Starters,72.56,160.73,17524,2814463.93,8768,1271541.44,1542922.49,54.82,Profit Driver,15.48,MAINTAIN - Strong performer,Medium,Margin: 54.82% | Sold: 17524 | Wastage: 15.48%
ITM0019,Starters_Item_19,Starters,412.27,866.49,17310,14998541.68,8638,7136393.7,7862147.98,52.42,Low Performer,15.15,REVIEW - Low performer with high wastage,Medium,Margin: 52.42% | Sold: 17310 | Wastage: 15.15%
ITM0051,Beverages_Item_51,Beverages,136.22,313.91,17156,5381979.95,8661,2336990.32,3044989.63,56.58,Hidden Opportunity,15.4,MONITOR,High,Margin: 56.58% | Sold: 17156 | Wastage: 15.4%
ITM0124,Main Course_Item_124,Main Course,371.1,687.18,17614,12102152.42,8818,6536555.4,5565597.02,45.99,Volume Driver,15.22,MONITOR,Medium,Margin: 45.99% | Sold: 17614 | Wastage: 15.22%
ITM0122,BBQ_Item_122,BBQ,166.64,311.76,17442,5440341.67,8697,2906534.88,2533806.79,46.57,Volume Driver,16.14,MONITOR,Medium,Margin: 46.57% | Sold: 17442 | Wastage: 16.14%
ITM0099,Breakfast_Item_99,Breakfast,483.14,917.1,17126,15706634.84,8605,8274255.64,7432379.2,47.32,Low Performer,17.14,REVIEW - Low performer with high wastage,Medium,Margin: 47.32% | Sold: 17126 | Wastage: 17.14%
ITM0119,BBQ_Item_119,BBQ,110.0,241.67,17520,4230995.3,8741,1927200.0,2303795.3,54.45,Profit Driver,15.79,MAINTAIN - Strong performer,Medium,Margin: 54.45% | Sold: 17520 | Wastage: 15.79%
ITM0103,Starters_Item_103,Starters,283.96,769.47,17296,13314326.08,8688,4911372.16,8402953.92,63.11,Hidden Opportunity,17.31,"PROMOTE - High margin, low visibility",High,Margin: 63.11% | Sold: 17296 | Wastage: 17.31%
ITM0070,Chinese_Item_70,Chinese,468.06,1359.06,17299,23489233.89,8690,8096969.94,15392263.95,65.53,Hidden Opportunity,16.74,"PROMOTE - High margin, low visibility",Critical,Margin: 65.53% | Sold: 17299 | Wastage: 16.74%
ITM0113,Beverages_Item_113,Beverages,412.95,710.7,17258,12258790.64,8657,7126691.1,5132099.54,41.86,Low Performer,15.57,REVIEW - Low performer with high wastage,Low,Margin: 41.86% | Sold: 17258 | Wastage: 15.57%
ITM0047,Beverages_Item_47,Beverages,403.08,1092.85,17410,19024243.38,8660,7017622.8,12006620.58,63.11,Profit Driver,16.22,MAINTAIN - Strong performer,High,Margin: 63.11% | Sold: 17410 | Wastage: 16.22%
ITM0007,Chinese_Item_7,Chinese,175.04,319.09,17359,5542360.82,8663,3038519.36,2503841.46,45.18,Volume Driver,16.17,MONITOR,Medium,Margin: 45.18% | Sold: 17359 | Wastage: 16.17%
ITM0139,Fast Food_Item_139,Fast Food,425.71,938.89,17372,16318733.06,8720,7395434.12,8923298.94,54.68,Profit Driver,15.12,MAINTAIN - Strong performer,Medium,Margin: 54.68% | Sold: 17372 | Wastage: 15.12%
ITM0079,Beverages_Item_79,Beverages,359.37,998.82,17450,17419633.01,8686,6271006.5,11148626.51,64.0,Profit Driver,17.11,MAINTAIN - Strong performer,High,Margin: 64.0% | Sold: 17450 | Wastage: 17.11%
ITM0130,BBQ_Item_130,BBQ,52.65,106.76,17552,1873908.84,8740,924112.8,949796.04,50.69,Volume Driver,15.13,MONITOR,Medium,Margin: 50.69% | Sold: 17552 | Wastage: 15.13%
ITM0105,Breakfast_Item_105,Breakfast,191.26,530.18,17302,9166145.5,8707,3309180.52,5856964.98,63.9,Hidden Opportunity,14.05,"PROMOTE - High margin, low visibility",High,Margin: 63.9% | Sold: 17302 | Wastage: 14.05%
ITM0112,Main Course_Item_112,Main Course,418.29,1098.73,17319,19045202.96,8690,7244364.51,11800838.45,61.96,Hidden Opportunity,17.56,"PROMOTE - High margin, low visibility",High,Margin: 61.96% | Sold: 17319 | Wastage: 17.56%
ITM0095,Beverages_Item_95,Beverages,150.32,374.3,17380,6502110.12,8709,2612561.6,3889548.52,59.82,Profit Driver,16.39,MAINTAIN - Strong performer,High,Margin: 59.82% | Sold: 17380 | Wastage: 16.39%
ITM0086,Italian_Item_86,Italian,107.35,210.66,17415,3670297.26,8664,1869500.25,1800797.01,49.06,Volume Driver,15.56,MONITOR,Medium,Margin: 49.06% | Sold: 17415 | Wastage: 15.56%
ITM0125,Chinese_Item_125,Chinese,451.86,732.4,17470,12793443.04,8802,7893994.2,4899448.84,38.3,Volume Driver,15.61,"REPRICE - High volume, low margin",Low,Margin: 38.3% | Sold: 17470 | Wastage: 15.61%
ITM0048,Main Course_Item_48,Main Course,93.62,200.96,17427,3502811.77,8679,1631515.74,1871296.03,53.42,Profit Driver,16.33,MAINTAIN - Strong performer,Medium,Margin: 53.42% | Sold: 17427 | Wastage: 16.33%
ITM0004,Beverages_Item_4,Beverages,277.41,427.16,17475,7464835.66,8747,4847739.75,2617095.91,35.06,Volume Driver,15.58,"REPRICE - High volume, low margin",Low,Margin: 35.06% | Sold: 17475 | Wastage: 15.58%
ITM0061,Breakfast_Item_61,Breakfast,381.08,606.46,17184,10418689.72,8633,6548478.72,3870211.0,37.15,Low Performer,14.63,MONITOR,Low,Margin: 37.15% | Sold: 17184 | Wastage: 14.63%
ITM0053,BBQ_Item_53,BBQ,413.61,1151.47,17328,19963757.64,8656,7167034.08,12796723.56,64.1,Hidden Opportunity,17.11,"PROMOTE - High margin, low visibility",High,Margin: 64.1% | Sold: 17328 | Wastage: 17.11%
ITM0071,BBQ_Item_71,BBQ,329.52,772.56,17023,13164662.34,8560,5609418.96,7555243.38,57.39,Hidden Opportunity,15.52,MONITOR,High,Margin: 57.39% | Sold: 17023 | Wastage: 15.52%
ITM0128,Italian_Item_128,Italian,78.02,214.5,17467,3746711.03,8719,1362775.34,2383935.69,63.63,Profit Driver,14.49,MAINTAIN - Strong performer,High,Margin: 63.63% | Sold: 17467 | Wastage: 14.49%
ITM0066,Breakfast_Item_66,Breakfast,317.53,771.3,17471,13478921.38,8732,5547566.63,7931354.75,58.84,Profit Driver,16.72,MAINTAIN - Strong performer,High,Margin: 58.84% | Sold: 17471 | Wastage: 16.72%
ITM0012,Breakfast_Item_12,Breakfast,136.53,219.04,17173,3762497.86,8591,2344629.69,1417868.17,37.68,Low Performer,17.89,REVIEW - Low performer with high wastage,Low,Margin: 37.68% | Sold: 17173 | Wastage: 17.89%
ITM0064,Main Course_Item_64,Main Course,317.77,798.5,17623,14071216.69,8725,5600060.71,8471155.98,60.2,Profit Driver,15.3,MAINTAIN - Strong performer,High,Margin: 60.2% | Sold: 17623 | Wastage: 15.3%
ITM0146,Fast Food_Item_146,Fast Food,309.11,884.68,17004,15048957.01,8515,5256106.44,9792850.57,65.07,Hidden Opportunity,15.49,"PROMOTE - High margin, low visibility",Critical,Margin: 65.07% | Sold: 17004 | Wastage: 15.49%
ITM0050,Starters_Item_50,Starters,231.18,464.43,17287,8024604.2,8594,3996408.66,4028195.54,50.2,Low Performer,17.74,REVIEW - Low performer with high wastage,Medium,Margin: 50.2% | Sold: 17287 | Wastage: 17.74%
ITM0059,Italian_Item_59,Italian,363.47,943.48,17350,16373800.86,8678,6306204.5,10067596.36,61.49,Hidden Opportunity,14.2,"PROMOTE - High margin, low visibility",High,Margin: 61.49% | Sold: 17350 | Wastage: 14.2%
ITM0089,Breakfast_Item_89,Breakfast,387.26,1118.66,17536,19615430.72,8778,6790991.36,12824439.36,65.38,Profit Driver,16.7,MAINTAIN - Strong performer,Critical,Margin: 65.38% | Sold: 17536 | Wastage: 16.7%
ITM0084,Main Course_Item_84,Main Course,475.27,1205.54,17290,20839668.41,8687,8217418.3,12622250.11,60.57,Hidden Opportunity,16.69,"PROMOTE - High margin, low visibility",High,Margin: 60.57% | Sold: 17290 | Wastage: 16.69%
ITM0030,Main Course_Item_30,Main Course,182.08,316.32,17140,5420119.81,8566,3120851.2,2299268.61,42.42,Low Performer,16.12,REVIEW - Low performer with high wastage,Low,Margin: 42.42% | Sold: 17140 | Wastage: 16.12%
ITM0042,Chinese_Item_42,Chinese,59.47,138.62,17247,2389974.7,8651,1025679.09,1364295.61,57.08,Hidden Opportunity,16.51,MONITOR,High,Margin: 57.08% | Sold: 17247 | Wastage: 16.51%
ITM0077,Fast Food_Item_77,Fast Food,101.94,169.28,17315,2926936.04,8739,1765091.1,1161844.94,39.69,Low Performer,18.78,REVIEW - Low performer with high wastage,Low,Margin: 39.69% | Sold: 17315 | Wastage: 18.78%
ITM0021,Beverages_Item_21,Beverages,344.95,722.13,17337,12506630.91,8694,5980398.15,6526232.76,52.18,Low Performer,15.5,REVIEW - Low performer with high wastage,Medium,Margin: 52.18% | Sold: 17337 | Wastage: 15.5%
ITM0027,Italian_Item_27,Italian,221.73,663.9,17381,11539301.95,8663,3853889.13,7685412.82,66.6,Profit Driver,15.25,MAINTAIN - Strong performer,Critical,Margin: 66.6% | Sold: 17381 | Wastage: 15.25%
ITM0108,Desserts_Item_108,Desserts,326.98,638.08,17320,11049546.93,8706,5663293.6,5386253.33,48.75,Low Performer,16.67,REVIEW - Low performer with high wastage,Medium,Margin: 48.75% | Sold: 17320 | Wastage: 16.67%
ITM0136,Italian_Item_136,Italian,111.06,243.5,17232,4195268.35,8629,1913785.92,2281482.43,54.38,Hidden Opportunity,16.05,MONITOR,Medium,Margin: 54.38% | Sold: 17232 | Wastage: 16.05%
ITM0148,Main Course_Item_148,Main Course,363.74,710.16,17553,12459320.99,8830,6384728.22,6074592.77,48.76,Volume Driver,16.61,MONITOR,Medium,Margin: 48.76% | Sold: 17553 | Wastage: 16.61%
ITM0082,Desserts_Item_82,Desserts,336.7,637.35,17887,11394641.44,8853,6022552.9,5372088.54,47.15,Volume Driver,15.13,MONITOR,Medium,Margin: 47.15% | Sold: 17887 | Wastage: 15.13%
ITM0106,Seafood_Item_106,Seafood,189.18,399.66,17288,6908384.93,8696,3270543.84,3637841.09,52.66,Low Performer,16.79,REVIEW - Low performer with high wastage,Medium,Margin: 52.66% | Sold: 17288 | Wastage: 16.79%
ITM0118,Starters_Item_118,Starters,300.83,865.25,17562,15191100.63,8879,5283176.46,9907924.17,65.22,Profit Driver,16.7,MAINTAIN - Strong performer,Critical,Margin: 65.22% | Sold: 17562 | Wastage: 16.7%
ITM0001,Main Course_Item_1,Main Course,61.25,117.14,17382,2037510.97,8647,1064647.5,972863.47,47.75,Volume Driver,14.97,MONITOR,Medium,Margin: 47.75% | Sold: 17382 | Wastage: 14.97%
ITM0008,Main Course_Item_8,Main Course,91.74,150.92,17299,2610426.07,8677,1587010.26,1023415.81,39.2,Low Performer,14.82,MONITOR,Low,Margin: 39.2% | Sold: 17299 | Wastage: 14.82%
ITM0072,Main Course_Item_72,Main Course,291.94,659.44,17464,11519162.34,8771,5098440.16,6420722.18,55.74,Profit Driver,15.42,MAINTAIN - Strong performer,High,Margin: 55.74% | Sold: 17464 | Wastage: 15.42%
ITM0097,Chinese_Item_97,Chinese,338.67,711.04,17188,12217613.39,8598,5821059.96,6396553.43,52.36,Low Performer,17.8,REVIEW - Low performer with high wastage,Medium,Margin: 52.36% | Sold: 17188 | Wastage: 17.8%
ITM0087,Chinese_Item_87,Chinese,144.53,270.89,17302,4683232.62,8643,2500658.06,2182574.56,46.6,Low Performer,16.24,REVIEW - Low performer with high wastage,Medium,Margin: 46.6% | Sold: 17302 | Wastage: 16.24%
ITM0129,Breakfast_Item_129,Breakfast,475.73,727.53,17172,12492366.54,8585,8169235.56,4323130.98,34.61,Low Performer,17.41,REVIEW - Low performer with high wastage,Low,Margin: 34.61% | Sold: 17172 | Wastage: 17.41%
ITM0137,Fast Food_Item_137,Fast Food,220.6,400.94,17038,6836068.36,8555,3758582.8,3077485.56,45.02,Low Performer,16.74,REVIEW - Low performer with high wastage,Medium,Margin: 45.02% | Sold: 17038 | Wastage: 16.74%
ITM0132,BBQ_Item_132,BBQ,148.74,320.35,17446,5584515.28,8732,2594918.04,2989597.24,53.53,Profit Driver,14.47,MAINTAIN - Strong performer,Medium,Margin: 53.53% | Sold: 17446 | Wastage: 14.47%
ITM0013,Fast Food_Item_13,Fast Food,493.35,1372.98,17222,23640194.09,8608,8496473.7,15143720.39,64.06,Hidden Opportunity,16.63,"PROMOTE - High margin, low visibility",High,Margin: 64.06% | Sold: 17222 | Wastage: 16.63%
ITM0080,Fast Food_Item_80,Fast Food,457.4,1266.61,17319,21929848.88,8619,7921710.6,14008138.28,63.88,Hidden Opportunity,16.97,"PROMOTE - High margin, low visibility",High,Margin: 63.88% | Sold: 17319 | Wastage: 16.97%
ITM0024,Beverages_Item_24,Beverages,498.8,851.7,17476,14880780.14,8804,8717028.8,6163751.34,41.42,Volume Driver,14.94,MONITOR,Low,Margin: 41.42% | Sold: 17476 | Wastage: 14.94%
ITM0093,Italian_Item_93,Italian,442.48,1233.59,17694,21809500.95,8787,7829241.12,13980259.83,64.1,Profit Driver,16.89,MAINTAIN - Strong performer,High,Margin: 64.1% | Sold: 17694 | Wastage: 16.89%
ITM0057,Starters_Item_57,Starters,124.09,186.54,17124,3193477.71,8663,2124917.16,1068560.55,33.46,Low Performer,17.02,REVIEW - Low performer with high wastage,Low,Margin: 33.46% | Sold: 17124 | Wastage: 17.02%
ITM0131,Italian_Item_131,Italian,292.2,760.29,16995,12923922.41,8506,4965939.0,7957983.41,61.58,Hidden Opportunity,16.75,"PROMOTE - High margin, low visibility",High,Margin: 61.58% | Sold: 16995 | Wastage: 16.75%
ITM0035,Fast Food_Item_35,Fast Food,157.75,293.62,17333,5096891.8,8685,2734280.75,2362611.05,46.35,Low Performer,16.42,REVIEW - Low performer with high wastage,Medium,Margin: 46.35% | Sold: 17333 | Wastage: 16.42%
ITM0075,Breakfast_Item_75,Breakfast,492.73,1335.62,17383,23232145.87,8703,8565125.59,14667020.28,63.13,Profit Driver,14.48,MAINTAIN - Strong performer,High,Margin: 63.13% | Sold: 17383 | Wastage: 14.48%
ITM0031,Fast Food_Item_31,Fast Food,487.35,1288.04,17420,22440512.47,8736,8489637.0,13950875.47,62.17,Profit Driver,16.08,MAINTAIN - Strong performer,High,Margin: 62.17% | Sold: 17420 | Wastage: 16.08%
ITM0096,Chinese_Item_96,Chinese,175.37,281.32,17015,4783381.89,8510,2983920.55,1799461.34,37.62,Low Performer,17.82,REVIEW - Low performer with high wastage,Low,Margin: 37.62% | Sold: 17015 | Wastage: 17.82%
ITM0039,Seafood_Item_39,Seafood,389.87,988.24,17122,16908908.18,8561,6675354.14,10233554.04,60.52,Hidden Opportunity,15.45,"PROMOTE - High margin, low visibility",High,Margin: 60.52% | Sold: 17122 | Wastage: 15.45%
ITM0049,Italian_Item_49,Italian,260.16,674.75,17451,11769277.7,8750,4540052.16,7229225.54,61.42,Profit Driver,15.19,MAINTAIN - Strong performer,High,Margin: 61.42% | Sold: 17451 | Wastage: 15.19%
ITM0101,Italian_Item_101,Italian,322.79,731.81,16857,12323067.67,8457,5441271.03,6881796.64,55.84,Hidden Opportunity,16.15,MONITOR,High,Margin: 55.84% | Sold: 16857 | Wastage: 16.15%
ITM0003,Breakfast_Item_3,Breakfast,239.86,370.51,17209,6368288.35,8616,4127750.74,2240537.61,35.18,Low Performer,17.1,REVIEW - Low performer with high wastage,Low,Margin: 35.18% | Sold: 17209 | Wastage: 17.1%
ITM0107,Fast Food_Item_107,Fast Food,299.49,535.42,17426,9328805.59,8775,5218912.74,4109892.85,44.06,Volume Driver,15.55,MONITOR,Low,Margin: 44.06% | Sold: 17426 | Wastage: 15.55%
ITM0014,Italian_Item_14,Italian,175.09,429.59,17014,7311953.14,8575,2978981.26,4332971.88,59.26,Hidden Opportunity,16.76,MONITOR,High,Margin: 59.26% | Sold: 17014 | Wastage: 16.76%
ITM0109,Fast Food_Item_109,Fast Food,179.11,384.16,16987,6526379.33,8490,3042541.57,3483837.76,53.38,Hidden Opportunity,16.43,MONITOR,Medium,Margin: 53.38% | Sold: 16987 | Wastage: 16.43%
ITM0009,Breakfast_Item_9,Breakfast,169.03,264.56,17648,4667098.12,8778,2983041.44,1684056.68,36.08,Volume Driver,15.36,"REPRICE - High volume, low margin",Low,Margin: 36.08% | Sold: 17648 | Wastage: 15.36%
ITM0068,Beverages_Item_68,Beverages,351.38,692.67,17611,12190507.85,8784,6188153.18,6002354.67,49.24,Volume Driver,15.64,MONITOR,Medium,Margin: 49.24% | Sold: 17611 | Wastage: 15.64%
ITM0123,Seafood_Item_123,Seafood,268.07,498.31,17304,8615912.94,8602,4638683.28,3977229.66,46.16,Low Performer,15.97,REVIEW - Low performer with high wastage,Medium,Margin: 46.16% | Sold: 17304 | Wastage: 15.97%
ITM0006,Starters_Item_6,Starters,391.46,680.94,17072,11636509.99,8580,6683005.12,4953504.87,42.57,Low Performer,16.6,REVIEW - Low performer with high wastage,Low,Margin: 42.57% | Sold: 17072 | Wastage: 16.6%
ITM0020,Beverages_Item_20,Beverages,460.91,1083.49,17350,18803287.09,8643,7996788.5,10806498.59,57.47,Hidden Opportunity,16.19,MONITOR,High,Margin: 57.47% | Sold: 17350 | Wastage: 16.19%
ITM0055,Main Course_Item_55,Main Course,466.87,1294.65,17612,22795191.7,8801,8222514.44,14572677.26,63.93,Profit Driver,16.01,MAINTAIN - Strong performer,High,Margin: 63.93% | Sold: 17612 | Wastage: 16.01%
ITM0073,Chinese_Item_73,Chinese,446.39,1258.33,17035,21435100.14,8571,7604253.65,13830846.49,64.52,Hidden Opportunity,15.81,"PROMOTE - High margin, low visibility",High,Margin: 64.52% | Sold: 17035 | Wastage: 15.81%
ITM0069,Italian_Item_69,Italian,108.9,268.79,17181,4616782.87,8608,1871010.9,2745771.97,59.47,Hidden Opportunity,16.23,MONITOR,High,Margin: 59.47% | Sold: 17181 | Wastage: 16.23%
ITM0056,Italian_Item_56,Italian,268.54,488.91,17412,8511792.5,8754,4675818.48,3835974.02,45.07,Volume Driver,15.06,MONITOR,Medium,Margin: 45.07% | Sold: 17412 | Wastage: 15.06%
ITM0076,Seafood_Item_76,Seafood,184.72,460.89,17536,8082233.85,8855,3239249.92,4842983.93,59.92,Profit Driver,14.77,MAINTAIN - Strong performer,High,Margin: 59.92% | Sold: 17536 | Wastage: 14.77%
ITM0094,Beverages_Item_94,Beverages,417.46,914.43,17364,15879474.7,8626,7248775.44,8630699.26,54.35,Profit Driver,16.96,MAINTAIN - Strong performer,Medium,Margin: 54.35% | Sold: 17364 | Wastage: 16.96%
ITM0078,Fast Food_Item_78,Fast Food,176.79,321.04,17230,5532323.7,8612,3046091.7,2486232.0,44.94,Low Performer,16.09,REVIEW - Low performer with high wastage,Low,Margin: 44.94% | Sold: 17230 | Wastage: 16.09%
ITM0026,Desserts_Item_26,Desserts,406.44,867.03,17167,14880151.84,8580,6977355.48,7902796.36,53.11,Low Performer,17.5,REVIEW - Low performer with high wastage,Medium,Margin: 53.11% | Sold: 17167 | Wastage: 17.5%
ITM0114,Beverages_Item_114,Beverages,492.77,1190.98,17396,20720063.93,8700,8572226.92,12147837.01,58.63,Profit Driver,17.09,MAINTAIN - Strong performer,High,Margin: 58.63% | Sold: 17396 | Wastage: 17.09%
ITM0015,Desserts_Item_15,Desserts,216.58,392.93,17162,6744956.32,8612,3716945.96,3028010.36,44.89,Low Performer,16.8,REVIEW - Low performer with high wastage,Low,Margin: 44.89% | Sold: 17162 | Wastage: 16.8%
ITM0074,Fast Food_Item_74,Fast Food,120.99,332.8,17885,5949785.19,8914,2163906.15,3785879.04,63.63,Profit Driver,16.14,MAINTAIN - Strong performer,High,Margin: 63.63% | Sold: 17885 | Wastage: 16.14%
ITM0133,Italian_Item_133,Italian,201.26,506.92,17287,8754621.42,8626,3479181.62,5275439.8,60.26,Hidden Opportunity,15.34,"PROMOTE - High margin, low visibility",High,Margin: 60.26% | Sold: 17287 | Wastage: 15.34%
ITM0038,Fast Food_Item_38,Fast Food,287.45,692.72,17440,12077531.69,8726,5013128.0,7064403.69,58.49,Profit Driver,16.04,MAINTAIN - Strong performer,High,Margin: 58.49% | Sold: 17440 | Wastage: 16.04%
ITM0060,Desserts_Item_60,Desserts,135.45,247.41,17295,4280979.44,8629,2342607.75,1938371.69,45.28,Low Performer,15.65,REVIEW - Low performer with high wastage,Medium,Margin: 45.28% | Sold: 17295 | Wastage: 15.65%
ITM0043,Starters_Item_43,Starters,81.95,200.5,17717,3551324.87,8785,1451908.15,2099416.72,59.12,Profit Driver,16.11,MAINTAIN - Strong performer,High,Margin: 59.12% | Sold: 17717 | Wastage: 16.11%
ITM0135,Italian_Item_135,Italian,316.35,789.13,17260,13611084.68,8570,5460201.0,8150883.68,59.88,Hidden Opportunity,17.43,MONITOR,High,Margin: 59.88% | Sold: 17260 | Wastage: 17.43%
ITM0034,Breakfast_Item_34,Breakfast,195.87,299.53,17614,5278796.63,8826,3450054.18,1828742.45,34.64,Volume Driver,13.97,"REPRICE - High volume, low margin",Low,Margin: 34.64% | Sold: 17614 | Wastage: 13.97%
ITM0147,Italian_Item_147,Italian,473.66,851.4,17649,15029042.34,8733,8359625.34,6669417.0,44.38,Volume Driver,15.2,MONITOR,Low,Margin: 44.38% | Sold: 17649 | Wastage: 15.2%
ITM0134,Desserts_Item_134,Desserts,428.23,1233.01,17369,21424437.3,8681,7437926.87,13986510.43,65.28,Profit Driver,14.99,MAINTAIN - Strong performer,Critical,Margin: 65.28% | Sold: 17369 | Wastage: 14.99%
