item_id,total_wasted,total_sold,waste_ratio,risk_level
ITM0136,3482,18209,16.05,High
ITM0066,3699,18424,16.72,High
ITM0070,3666,18239,16.74,High
ITM0016,3293,18130,15.37,High
ITM0055,3522,18476,16.01,High
ITM0117,3171,17950,15.01,High
ITM0146,3287,17930,15.49,High
ITM0084,3646,18202,16.69,High
ITM0051,3289,18063,15.4,High
ITM0083,3660,18619,16.43,High
ITM0048,3578,18330,16.33,High
ITM0030,3453,17964,16.12,High
ITM0038,3499,18320,16.04,High
ITM0132,3104,18349,14.47,Medium
ITM0067,3441,17887,16.13,High
ITM0127,3452,18491,15.73,High
ITM0039,3309,18111,15.45,High
ITM0130,3302,18527,15.13,High
ITM0042,3593,18169,16.51,High
ITM0135,3820,18090,17.43,High
ITM0008,3184,18294,14.82,Medium
ITM0054,3485,18161,16.1,High
ITM0150,3191,18358,14.81,Medium
ITM0110,3635,18220,16.63,High
ITM0053,3773,18272,17.11,High
ITM0049,3296,18403,15.19,High
ITM0080,3719,18200,16.97,High
ITM0036,3691,18689,16.49,High
ITM0131,3612,17945,16.75,High
ITM0058,3605,18504,16.3,High
ITM0041,3436,18631,15.57,High
ITM0100,3708,17885,17.17,High
ITM0119,3453,18408,15.79,High
ITM0104,3292,18653,15.0,Medium
ITM0056,3237,18262,15.06,High
ITM0047,3548,18324,16.22,High
ITM0086,3375,18319,15.56,High
ITM0143,3562,18390,16.23,High
ITM0124,3314,18455,15.22,High
ITM0116,3919,18563,17.43,High
ITM0072,3353,18396,15.42,High
ITM0129,3806,18054,17.41,High
ITM0029,3714,18285,16.88,High
ITM0068,3439,18548,15.64,High
ITM0147,3332,18586,15.2,High
ITM0074,3639,18905,16.14,High
ITM0107,3387,18391,15.55,High
ITM0140,3498,18141,16.16,High
ITM0096,3909,18032,17.82,High
ITM0057,3693,18008,17.02,High
ITM0118,3707,18492,16.7,High
ITM0105,2975,18194,14.05,Medium
ITM0081,3719,18248,16.93,High
ITM0149,3600,18255,16.47,High
ITM0013,3601,18057,16.63,High
ITM0012,3930,18032,17.89,High
ITM0144,3686,18457,16.65,High
ITM0082,3363,18862,15.13,High
ITM0090,3736,18252,16.99,High
ITM0059,3032,18325,14.2,Medium
ITM0026,3816,17987,17.5,High
ITM0142,3407,18304,15.69,High
ITM0089,3708,18496,16.7,High
ITM0102,3731,18180,17.03,High
ITM0123,3467,18245,15.97,High
ITM0128,3125,18436,14.49,Medium
ITM0033,3683,18145,16.87,High
ITM0034,3014,18559,13.97,Medium
ITM0010,3398,18126,15.79,High
ITM0115,3804,18100,17.37,High
ITM0097,3936,18175,17.8,High
ITM0044,3636,18023,16.79,High
ITM0133,3287,18140,15.34,High
ITM0022,3795,18491,17.03,High
ITM0079,3788,18354,17.11,High
ITM0019,3244,18172,15.15,High
ITM0091,3498,18428,15.95,High
ITM0073,3392,18065,15.81,High
ITM0148,3686,18506,16.61,High
ITM0094,3726,18243,16.96,High
ITM0046,3319,18544,15.18,High
ITM0018,3746,18514,16.83,High
ITM0027,3306,18368,15.25,High
ITM0025,3540,18037,16.41,High
ITM0101,3426,17786,16.15,High
ITM0139,3268,18344,15.12,High
ITM0076,3214,18549,14.77,Medium
ITM0109,3501,17805,16.43,High
ITM0045,3744,18092,17.15,High
ITM0061,3099,18082,14.63,Medium
ITM0015,3649,18073,16.8,High
ITM0065,3142,18083,14.8,Medium
ITM0141,3474,18047,16.14,High
ITM0005,3808,18251,17.26,High
ITM0014,3618,17972,16.76,High
ITM0113,3354,18191,15.57,High
ITM0111,3135,17743,15.02,High
ITM0002,3547,18259,16.27,High
ITM0095,3590,18313,16.39,High
ITM0108,3639,18184,16.67,High
ITM0085,3297,18421,15.18,High
ITM0035,3574,18187,16.42,High
ITM0137,3620,18001,16.74,High
ITM0077,4226,18281,18.78,High
ITM0098,3577,18572,16.15,High
ITM0134,3226,18297,14.99,Medium
ITM0052,3408,18103,15.84,High
ITM0121,3416,18359,15.69,High
ITM0001,3229,18337,14.97,Medium
ITM0145,3900,18032,17.78,High
ITM0023,3476,18276,15.98,High
ITM0112,3876,18201,17.56,High
ITM0021,3357,18298,15.5,High
ITM0020,3527,18254,16.19,High
ITM0069,3519,18164,16.23,High
ITM0007,3529,18289,16.17,High
ITM0037,3631,18340,16.53,High
ITM0004,3373,18272,15.58,High
ITM0062,3379,18449,15.48,High
ITM0103,3808,18186,17.31,High
ITM0087,3530,18211,16.24,High
ITM0043,3562,18551,16.11,High
ITM0138,3509,18730,15.78,High
ITM0009,3373,18580,15.36,High
ITM0064,3333,18453,15.3,High
ITM0060,3362,18117,15.65,High
ITM0099,3745,18109,17.14,High
ITM0114,3787,18367,17.09,High
ITM0003,3729,18079,17.1,High
ITM0063,3641,18592,16.38,High
ITM0120,3586,17852,16.73,High
ITM0050,3923,18192,17.74,High
ITM0031,3512,18332,16.08,High
ITM0024,3219,18333,14.94,Medium
ITM0006,3571,17937,16.6,High
ITM0078,3471,18095,16.09,High
ITM0093,3784,18615,16.89,High
ITM0071,3286,17892,15.52,High
ITM0040,3878,18480,17.34,High
ITM0075,3085,18214,14.48,Medium
ITM0122,3543,18403,16.14,High
ITM0088,3519,18551,15.94,High
ITM0126,3516,18118,16.25,High
ITM0125,3391,18332,15.61,High
ITM0106,3665,18159,16.79,High
ITM0028,2972,18031,14.15,Medium
ITM0017,3344,18765,15.12,High
ITM0092,2963,18077,14.08,Medium
ITM0011,3629,18328,16.53,High
ITM0032,3534,18492,16.04,High
