inventory_id,location_id,item_id,stock_qty,reorder_level
INV0000001,LOC001,ITM0001,98,83
INV0000002,LOC001,ITM0002,128,71
INV0000003,LOC001,ITM0003,178,36
INV0000004,LOC001,ITM0004,389,23
INV0000005,LOC001,ITM0005,241,28
INV0000006,LOC001,ITM0006,463,22
INV0000007,LOC001,ITM0007,475,82
INV0000008,LOC001,ITM0008,281,97
INV0000009,LOC001,ITM0009,13,71
INV0000010,LOC001,ITM0010,410,36
INV0000011,LOC001,ITM0011,258,86
INV0000012,LOC001,ITM0012,371,76
INV0000013,LOC001,ITM0013,60,85
INV0000014,LOC001,ITM0014,245,84
INV0000015,LOC001,ITM0015,202,76
INV0000016,LOC001,ITM0016,474,91
INV0000017,LOC001,ITM0017,188,23
INV0000018,LOC001,ITM0018,336,35
INV0000019,LOC001,ITM0019,212,57
INV0000020,LOC001,ITM0020,20,27
INV0000021,LOC001,ITM0021,307,42
INV0000022,LOC001,ITM0022,305,100
INV0000023,LOC001,ITM0023,226,40
INV0000024,LOC001,ITM0024,488,44
INV0000025,LOC001,ITM0025,60,82
INV0000026,LOC001,ITM0026,151,80
INV0000027,LOC001,ITM0027,488,60
INV0000028,LOC001,ITM0028,59,39
INV0000029,LOC001,ITM0029,294,85
INV0000030,LOC001,ITM0030,168,74
INV0000031,LOC001,ITM0031,405,71
INV0000032,LOC001,ITM0032,83,74
INV0000033,LOC001,ITM0033,136,59
INV0000034,LOC001,ITM0034,224,32
INV0000035,LOC001,ITM0035,360,95
INV0000036,LOC001,ITM0036,81,37
INV0000037,LOC001,ITM0037,74,84
INV0000038,LOC001,ITM0038,428,44
INV0000039,LOC001,ITM0039,36,25
INV0000040,LOC001,ITM0040,439,35
INV0000041,LOC001,ITM0041,417,22
INV0000042,LOC001,ITM0042,167,21
INV0000043,LOC001,ITM0043,251,99
INV0000044,LOC001,ITM0044,263,60
INV0000045,LOC001,ITM0045,86,43
INV0000046,LOC001,ITM0046,8,86
INV0000047,LOC001,ITM0047,376,86
INV0000048,LOC001,ITM0048,274,96
INV0000049,LOC001,ITM0049,141,94
INV0000050,LOC001,ITM0050,165,82
INV0000051,LOC001,ITM0051,227,42
INV0000052,LOC001,ITM0052,275,81
INV0000053,LOC001,ITM0053,404,98
INV0000054,LOC001,ITM0054,239,75
INV0000055,LOC001,ITM0055,479,91
INV0000056,LOC001,ITM0056,428,21
INV0000057,LOC001,ITM0057,163,26
INV0000058,LOC001,ITM0058,15,52
INV0000059,LOC001,ITM0059,433,31
INV0000060,LOC001,ITM0060,214,20
INV0000061,LOC001,ITM0061,472,72
INV0000062,LOC001,ITM0062,69,59
INV0000063,LOC001,ITM0063,53,93
INV0000064,LOC001,ITM0064,321,80
INV0000065,LOC001,ITM0065,284,55
INV0000066,LOC001,ITM0066,443,53
INV0000067,LOC001,ITM0067,61,89
INV0000068,LOC001,ITM0068,72,65
INV0000069,LOC001,ITM0069,264,76
INV0000070,LOC001,ITM0070,122,88
INV0000071,LOC001,ITM0071,182,33
INV0000072,LOC001,ITM0072,182,78
INV0000073,LOC001,ITM0073,465,68
INV0000074,LOC001,ITM0074,461,25
INV0000075,LOC001,ITM0075,226,27
INV0000076,LOC001,ITM0076,284,31
INV0000077,LOC001,ITM0077,164,42
INV0000078,LOC001,ITM0078,265,92
INV0000079,LOC001,ITM0079,155,63
INV0000080,LOC001,ITM0080,74,43
INV0000081,LOC001,ITM0081,238,64
INV0000082,LOC001,ITM0082,474,38
INV0000083,LOC001,ITM0083,446,57
INV0000084,LOC001,ITM0084,179,47
INV0000085,LOC001,ITM0085,0,32
INV0000086,LOC001,ITM0086,284,67
INV0000087,LOC001,ITM0087,214,82
INV0000088,LOC001,ITM0088,381,34
INV0000089,LOC001,ITM0089,98,31
INV0000090,LOC001,ITM0090,359,40
INV0000091,LOC001,ITM0091,382,73
INV0000092,LOC001,ITM0092,271,41
INV0000093,LOC001,ITM0093,106,98
INV0000094,LOC001,ITM0094,105,100
INV0000095,LOC001,ITM0095,115,53
INV0000096,LOC001,ITM0096,115,62
INV0000097,LOC001,ITM0097,51,35
INV0000098,LOC001,ITM0098,366,52
INV0000099,LOC001,ITM0099,206,59
INV0000100,LOC001,ITM0100,116,63
INV0000101,LOC001,ITM0101,172,83
INV0000102,LOC001,ITM0102,240,99
INV0000103,LOC001,ITM0103,170,43
INV0000104,LOC001,ITM0104,186,35
INV0000105,LOC001,ITM0105,116,57
INV0000106,LOC001,ITM0106,202,46
INV0000107,LOC001,ITM0107,415,82
INV0000108,LOC001,ITM0108,286,96
INV0000109,LOC001,ITM0109,166,71
INV0000110,LOC001,ITM0110,137,57
INV0000111,LOC001,ITM0111,21,78
INV0000112,LOC001,ITM0112,196,26
INV0000113,LOC001,ITM0113,130,96
INV0000114,LOC001,ITM0114,21,29
INV0000115,LOC001,ITM0115,107,99
INV0000116,LOC001,ITM0116,391,67
INV0000117,LOC001,ITM0117,102,60
INV0000118,LOC001,ITM0118,258,93
INV0000119,LOC001,ITM0119,148,100
INV0000120,LOC001,ITM0120,440,72
INV0000121,LOC001,ITM0121,49,51
INV0000122,LOC001,ITM0122,469,60
INV0000123,LOC001,ITM0123,453,58
INV0000124,LOC001,ITM0124,459,50
INV0000125,LOC001,ITM0125,80,48
INV0000126,LOC001,ITM0126,79,58
INV0000127,LOC001,ITM0127,135,34
INV0000128,LOC001,ITM0128,1,59
INV0000129,LOC001,ITM0129,162,54
INV0000130,LOC001,ITM0130,464,83
INV0000131,LOC001,ITM0131,363,26
INV0000132,LOC001,ITM0132,144,86
INV0000133,LOC001,ITM0133,236,43
INV0000134,LOC001,ITM0134,143,58
INV0000135,LOC001,ITM0135,132,70
INV0000136,LOC001,ITM0136,31,26
INV0000137,LOC001,ITM0137,444,25
INV0000138,LOC001,ITM0138,166,57
INV0000139,LOC001,ITM0139,162,72
INV0000140,LOC001,ITM0140,86,91
INV0000141,LOC001,ITM0141,52,61
INV0000142,LOC001,ITM0142,377,88
INV0000143,LOC001,ITM0143,187,59
INV0000144,LOC001,ITM0144,382,61
INV0000145,LOC001,ITM0145,484,100
INV0000146,LOC001,ITM0146,232,62
INV0000147,LOC001,ITM0147,104,43
INV0000148,LOC001,ITM0148,338,92
INV0000149,LOC001,ITM0149,265,65
INV0000150,LOC001,ITM0150,422,22
INV0000151,LOC002,ITM0001,260,25
INV0000152,LOC002,ITM0002,376,42
INV0000153,LOC002,ITM0003,412,38
INV0000154,LOC002,ITM0004,309,50
INV0000155,LOC002,ITM0005,449,86
INV0000156,LOC002,ITM0006,321,70
INV0000157,LOC002,ITM0007,225,97
INV0000158,LOC002,ITM0008,21,27
INV0000159,LOC002,ITM0009,218,51
INV0000160,LOC002,ITM0010,438,79
INV0000161,LOC002,ITM0011,424,23
INV0000162,LOC002,ITM0012,421,47
INV0000163,LOC002,ITM0013,68,42
INV0000164,LOC002,ITM0014,339,61
INV0000165,LOC002,ITM0015,308,90
INV0000166,LOC002,ITM0016,439,38
INV0000167,LOC002,ITM0017,159,41
INV0000168,LOC002,ITM0018,52,48
INV0000169,LOC002,ITM0019,349,26
INV0000170,LOC002,ITM0020,117,64
INV0000171,LOC002,ITM0021,138,51
INV0000172,LOC002,ITM0022,257,85
INV0000173,LOC002,ITM0023,142,37
INV0000174,LOC002,ITM0024,492,40
INV0000175,LOC002,ITM0025,373,89
INV0000176,LOC002,ITM0026,313,69
INV0000177,LOC002,ITM0027,459,89
INV0000178,LOC002,ITM0028,157,55
INV0000179,LOC002,ITM0029,492,58
INV0000180,LOC002,ITM0030,140,96
INV0000181,LOC002,ITM0031,238,84
INV0000182,LOC002,ITM0032,150,39
INV0000183,LOC002,ITM0033,384,92
INV0000184,LOC002,ITM0034,71,24
INV0000185,LOC002,ITM0035,137,49
INV0000186,LOC002,ITM0036,101,97
INV0000187,LOC002,ITM0037,361,51
INV0000188,LOC002,ITM0038,12,61
INV0000189,LOC002,ITM0039,328,34
INV0000190,LOC002,ITM0040,431,49
INV0000191,LOC002,ITM0041,346,42
INV0000192,LOC002,ITM0042,386,99
INV0000193,LOC002,ITM0043,369,49
INV0000194,LOC002,ITM0044,260,69
INV0000195,LOC002,ITM0045,397,73
INV0000196,LOC002,ITM0046,81,74
INV0000197,LOC002,ITM0047,276,76
INV0000198,LOC002,ITM0048,143,65
INV0000199,LOC002,ITM0049,448,25
INV0000200,LOC002,ITM0050,318,90
INV0000201,LOC002,ITM0051,137,99
INV0000202,LOC002,ITM0052,200,91
INV0000203,LOC002,ITM0053,148,35
INV0000204,LOC002,ITM0054,411,58
INV0000205,LOC002,ITM0055,485,35
INV0000206,LOC002,ITM0056,224,100
INV0000207,LOC002,ITM0057,152,31
INV0000208,LOC002,ITM0058,27,48
INV0000209,LOC002,ITM0059,244,27
INV0000210,LOC002,ITM0060,422,28
INV0000211,LOC002,ITM0061,164,100
INV0000212,LOC002,ITM0062,393,79
INV0000213,LOC002,ITM0063,257,24
INV0000214,LOC002,ITM0064,195,38
INV0000215,LOC002,ITM0065,130,41
INV0000216,LOC002,ITM0066,230,31
INV0000217,LOC002,ITM0067,364,89
INV0000218,LOC002,ITM0068,256,48
INV0000219,LOC002,ITM0069,422,83
INV0000220,LOC002,ITM0070,108,42
INV0000221,LOC002,ITM0071,357,99
INV0000222,LOC002,ITM0072,94,42
INV0000223,LOC002,ITM0073,497,51
INV0000224,LOC002,ITM0074,280,74
INV0000225,LOC002,ITM0075,137,40
INV0000226,LOC002,ITM0076,321,29
INV0000227,LOC002,ITM0077,16,97
INV0000228,LOC002,ITM0078,375,44
INV0000229,LOC002,ITM0079,166,36
INV0000230,LOC002,ITM0080,218,35
INV0000231,LOC002,ITM0081,248,36
INV0000232,LOC002,ITM0082,389,58
INV0000233,LOC002,ITM0083,371,31
INV0000234,LOC002,ITM0084,246,86
INV0000235,LOC002,ITM0085,444,59
INV0000236,LOC002,ITM0086,264,67
INV0000237,LOC002,ITM0087,453,23
INV0000238,LOC002,ITM0088,392,82
INV0000239,LOC002,ITM0089,31,46
INV0000240,LOC002,ITM0090,173,96
INV0000241,LOC002,ITM0091,135,36
INV0000242,LOC002,ITM0092,243,57
INV0000243,LOC002,ITM0093,52,97
INV0000244,LOC002,ITM0094,442,54
INV0000245,LOC002,ITM0095,105,97
INV0000246,LOC002,ITM0096,242,44
INV0000247,LOC002,ITM0097,18,51
INV0000248,LOC002,ITM0098,302,61
INV0000249,LOC002,ITM0099,34,22
INV0000250,LOC002,ITM0100,400,42
INV0000251,LOC002,ITM0101,195,80
INV0000252,LOC002,ITM0102,196,48
INV0000253,LOC002,ITM0103,491,30
INV0000254,LOC002,ITM0104,160,75
INV0000255,LOC002,ITM0105,208,28
INV0000256,LOC002,ITM0106,373,78
INV0000257,LOC002,ITM0107,268,53
INV0000258,LOC002,ITM0108,425,94
INV0000259,LOC002,ITM0109,151,85
INV0000260,LOC002,ITM0110,310,23
INV0000261,LOC002,ITM0111,265,85
INV0000262,LOC002,ITM0112,134,79
INV0000263,LOC002,ITM0113,5,29
INV0000264,LOC002,ITM0114,441,20
INV0000265,LOC002,ITM0115,29,48
INV0000266,LOC002,ITM0116,345,58
INV0000267,LOC002,ITM0117,192,91
INV0000268,LOC002,ITM0118,145,75
INV0000269,LOC002,ITM0119,486,54
INV0000270,LOC002,ITM0120,220,86
INV0000271,LOC002,ITM0121,370,52
INV0000272,LOC002,ITM0122,308,89
INV0000273,LOC002,ITM0123,427,57
INV0000274,LOC002,ITM0124,246,74
INV0000275,LOC002,ITM0125,442,46
INV0000276,LOC002,ITM0126,492,87
INV0000277,LOC002,ITM0127,351,99
INV0000278,LOC002,ITM0128,38,89
INV0000279,LOC002,ITM0129,326,56
INV0000280,LOC002,ITM0130,361,88
INV0000281,LOC002,ITM0131,334,64
INV0000282,LOC002,ITM0132,130,40
INV0000283,LOC002,ITM0133,445,75
INV0000284,LOC002,ITM0134,178,23
INV0000285,LOC002,ITM0135,197,20
INV0000286,LOC002,ITM0136,371,80
INV0000287,LOC002,ITM0137,491,85
INV0000288,LOC002,ITM0138,482,25
INV0000289,LOC002,ITM0139,473,37
INV0000290,LOC002,ITM0140,92,49
INV0000291,LOC002,ITM0141,350,100
INV0000292,LOC002,ITM0142,88,45
INV0000293,LOC002,ITM0143,328,47
INV0000294,LOC002,ITM0144,48,78
INV0000295,LOC002,ITM0145,416,65
INV0000296,LOC002,ITM0146,307,86
INV0000297,LOC002,ITM0147,337,67
INV0000298,LOC002,ITM0148,26,41
INV0000299,LOC002,ITM0149,463,41
INV0000300,LOC002,ITM0150,36,28
INV0000301,LOC003,ITM0001,150,54
INV0000302,LOC003,ITM0002,360,64
INV0000303,LOC003,ITM0003,466,76
INV0000304,LOC003,ITM0004,53,29
INV0000305,LOC003,ITM0005,435,20
INV0000306,LOC003,ITM0006,434,99
INV0000307,LOC003,ITM0007,387,27
INV0000308,LOC003,ITM0008,458,71
INV0000309,LOC003,ITM0009,101,58
INV0000310,LOC003,ITM0010,468,21
INV0000311,LOC003,ITM0011,269,55
INV0000312,LOC003,ITM0012,256,90
INV0000313,LOC003,ITM0013,297,21
INV0000314,LOC003,ITM0014,64,80
INV0000315,LOC003,ITM0015,453,54
INV0000316,LOC003,ITM0016,478,42
INV0000317,LOC003,ITM0017,225,23
INV0000318,LOC003,ITM0018,232,58
INV0000319,LOC003,ITM0019,150,79
INV0000320,LOC003,ITM0020,476,24
INV0000321,LOC003,ITM0021,489,47
INV0000322,LOC003,ITM0022,194,50
INV0000323,LOC003,ITM0023,330,44
INV0000324,LOC003,ITM0024,105,20
INV0000325,LOC003,ITM0025,316,22
INV0000326,LOC003,ITM0026,283,95
INV0000327,LOC003,ITM0027,327,38
INV0000328,LOC003,ITM0028,471,30
INV0000329,LOC003,ITM0029,409,71
INV0000330,LOC003,ITM0030,394,61
INV0000331,LOC003,ITM0031,74,64
INV0000332,LOC003,ITM0032,456,37
INV0000333,LOC003,ITM0033,30,69
INV0000334,LOC003,ITM0034,120,65
INV0000335,LOC003,ITM0035,418,25
INV0000336,LOC003,ITM0036,449,92
INV0000337,LOC003,ITM0037,80,93
INV0000338,LOC003,ITM0038,241,62
INV0000339,LOC003,ITM0039,34,84
INV0000340,LOC003,ITM0040,276,22
INV0000341,LOC003,ITM0041,107,67
INV0000342,LOC003,ITM0042,499,59
INV0000343,LOC003,ITM0043,46,97
INV0000344,LOC003,ITM0044,65,59
INV0000345,LOC003,ITM0045,198,72
INV0000346,LOC003,ITM0046,103,49
INV0000347,LOC003,ITM0047,81,26
INV0000348,LOC003,ITM0048,59,37
INV0000349,LOC003,ITM0049,146,88
INV0000350,LOC003,ITM0050,149,95
INV0000351,LOC003,ITM0051,478,33
INV0000352,LOC003,ITM0052,90,43
INV0000353,LOC003,ITM0053,82,70
INV0000354,LOC003,ITM0054,100,67
INV0000355,LOC003,ITM0055,15,50
INV0000356,LOC003,ITM0056,342,67
INV0000357,LOC003,ITM0057,303,58
INV0000358,LOC003,ITM0058,405,96
INV0000359,LOC003,ITM0059,185,94
INV0000360,LOC003,ITM0060,293,20
INV0000361,LOC003,ITM0061,30,78
INV0000362,LOC003,ITM0062,493,77
INV0000363,LOC003,ITM0063,478,86
INV0000364,LOC003,ITM0064,152,44
INV0000365,LOC003,ITM0065,83,26
INV0000366,LOC003,ITM0066,177,64
INV0000367,LOC003,ITM0067,129,75
INV0000368,LOC003,ITM0068,91,85
INV0000369,LOC003,ITM0069,372,23
INV0000370,LOC003,ITM0070,143,47
INV0000371,LOC003,ITM0071,350,83
INV0000372,LOC003,ITM0072,401,63
INV0000373,LOC003,ITM0073,462,76
INV0000374,LOC003,ITM0074,488,72
INV0000375,LOC003,ITM0075,89,22
INV0000376,LOC003,ITM0076,402,35
INV0000377,LOC003,ITM0077,435,54
INV0000378,LOC003,ITM0078,276,90
INV0000379,LOC003,ITM0079,167,27
INV0000380,LOC003,ITM0080,206,64
INV0000381,LOC003,ITM0081,439,94
INV0000382,LOC003,ITM0082,203,38
INV0000383,LOC003,ITM0083,361,99
INV0000384,LOC003,ITM0084,282,32
INV0000385,LOC003,ITM0085,339,95
INV0000386,LOC003,ITM0086,348,71
INV0000387,LOC003,ITM0087,185,42
INV0000388,LOC003,ITM0088,178,50
INV0000389,LOC003,ITM0089,84,21
INV0000390,LOC003,ITM0090,229,22
INV0000391,LOC003,ITM0091,133,66
INV0000392,LOC003,ITM0092,397,54
INV0000393,LOC003,ITM0093,158,83
INV0000394,LOC003,ITM0094,300,71
INV0000395,LOC003,ITM0095,123,76
INV0000396,LOC003,ITM0096,281,83
INV0000397,LOC003,ITM0097,164,74
INV0000398,LOC003,ITM0098,386,37
INV0000399,LOC003,ITM0099,196,73
INV0000400,LOC003,ITM0100,334,49
INV0000401,LOC003,ITM0101,248,94
INV0000402,LOC003,ITM0102,373,92
INV0000403,LOC003,ITM0103,202,99
INV0000404,LOC003,ITM0104,297,29
INV0000405,LOC003,ITM0105,382,45
INV0000406,LOC003,ITM0106,237,54
INV0000407,LOC003,ITM0107,116,49
INV0000408,LOC003,ITM0108,401,24
INV0000409,LOC003,ITM0109,175,86
INV0000410,LOC003,ITM0110,392,49
INV0000411,LOC003,ITM0111,91,26
INV0000412,LOC003,ITM0112,318,65
INV0000413,LOC003,ITM0113,346,23
INV0000414,LOC003,ITM0114,446,88
INV0000415,LOC003,ITM0115,439,63
INV0000416,LOC003,ITM0116,280,43
INV0000417,LOC003,ITM0117,266,59
INV0000418,LOC003,ITM0118,7,77
INV0000419,LOC003,ITM0119,353,42
INV0000420,LOC003,ITM0120,355,78
INV0000421,LOC003,ITM0121,482,98
INV0000422,LOC003,ITM0122,45,62
INV0000423,LOC003,ITM0123,93,48
INV0000424,LOC003,ITM0124,50,37
INV0000425,LOC003,ITM0125,54,79
INV0000426,LOC003,ITM0126,461,52
INV0000427,LOC003,ITM0127,220,57
INV0000428,LOC003,ITM0128,142,61
INV0000429,LOC003,ITM0129,299,56
INV0000430,LOC003,ITM0130,334,32
INV0000431,LOC003,ITM0131,476,40
INV0000432,LOC003,ITM0132,401,69
INV0000433,LOC003,ITM0133,19,86
INV0000434,LOC003,ITM0134,412,57
INV0000435,LOC003,ITM0135,316,36
INV0000436,LOC003,ITM0136,315,92
INV0000437,LOC003,ITM0137,317,43
INV0000438,LOC003,ITM0138,93,68
INV0000439,LOC003,ITM0139,158,27
INV0000440,LOC003,ITM0140,305,72
INV0000441,LOC003,ITM0141,283,46
INV0000442,LOC003,ITM0142,202,22
INV0000443,LOC003,ITM0143,56,86
INV0000444,LOC003,ITM0144,223,98
INV0000445,LOC003,ITM0145,195,56
INV0000446,LOC003,ITM0146,408,63
INV0000447,LOC003,ITM0147,252,33
INV0000448,LOC003,ITM0148,358,36
INV0000449,LOC003,ITM0149,207,63
INV0000450,LOC003,ITM0150,370,55
INV0000451,LOC004,ITM0001,157,74
INV0000452,LOC004,ITM0002,445,96
INV0000453,LOC004,ITM0003,383,81
INV0000454,LOC004,ITM0004,263,53
INV0000455,LOC004,ITM0005,431,23
INV0000456,LOC004,ITM0006,456,33
INV0000457,LOC004,ITM0007,35,86
INV0000458,LOC004,ITM0008,13,84
INV0000459,LOC004,ITM0009,298,48
INV0000460,LOC004,ITM0010,38,72
INV0000461,LOC004,ITM0011,222,48
INV0000462,LOC004,ITM0012,438,93
INV0000463,LOC004,ITM0013,285,61
INV0000464,LOC004,ITM0014,488,97
INV0000465,LOC004,ITM0015,362,86
INV0000466,LOC004,ITM0016,11,68
INV0000467,LOC004,ITM0017,100,81
INV0000468,LOC004,ITM0018,398,34
INV0000469,LOC004,ITM0019,492,91
INV0000470,LOC004,ITM0020,451,52
INV0000471,LOC004,ITM0021,201,60
INV0000472,LOC004,ITM0022,258,85
INV0000473,LOC004,ITM0023,495,69
INV0000474,LOC004,ITM0024,194,55
INV0000475,LOC004,ITM0025,193,85
INV0000476,LOC004,ITM0026,173,28
INV0000477,LOC004,ITM0027,404,76
INV0000478,LOC004,ITM0028,225,88
INV0000479,LOC004,ITM0029,427,31
INV0000480,LOC004,ITM0030,312,100
INV0000481,LOC004,ITM0031,444,57
INV0000482,LOC004,ITM0032,461,79
INV0000483,LOC004,ITM0033,465,62
INV0000484,LOC004,ITM0034,313,72
INV0000485,LOC004,ITM0035,188,88
INV0000486,LOC004,ITM0036,468,90
INV0000487,LOC004,ITM0037,131,60
INV0000488,LOC004,ITM0038,105,20
INV0000489,LOC004,ITM0039,59,48
INV0000490,LOC004,ITM0040,216,62
INV0000491,LOC004,ITM0041,250,65
INV0000492,LOC004,ITM0042,361,37
INV0000493,LOC004,ITM0043,56,25
INV0000494,LOC004,ITM0044,428,25
INV0000495,LOC004,ITM0045,288,100
INV0000496,LOC004,ITM0046,217,51
INV0000497,LOC004,ITM0047,444,28
INV0000498,LOC004,ITM0048,33,79
INV0000499,LOC004,ITM0049,93,91
INV0000500,LOC004,ITM0050,145,34
INV0000501,LOC004,ITM0051,42,26
INV0000502,LOC004,ITM0052,249,88
INV0000503,LOC004,ITM0053,280,33
INV0000504,LOC004,ITM0054,346,57
INV0000505,LOC004,ITM0055,328,94
INV0000506,LOC004,ITM0056,376,25
INV0000507,LOC004,ITM0057,22,69
INV0000508,LOC004,ITM0058,7,68
INV0000509,LOC004,ITM0059,225,90
INV0000510,LOC004,ITM0060,362,98
INV0000511,LOC004,ITM0061,48,20
INV0000512,LOC004,ITM0062,112,93
INV0000513,LOC004,ITM0063,272,37
INV0000514,LOC004,ITM0064,469,64
INV0000515,LOC004,ITM0065,427,53
INV0000516,LOC004,ITM0066,471,67
INV0000517,LOC004,ITM0067,56,80
INV0000518,LOC004,ITM0068,390,69
INV0000519,LOC004,ITM0069,458,47
INV0000520,LOC004,ITM0070,146,69
INV0000521,LOC004,ITM0071,247,79
INV0000522,LOC004,ITM0072,30,79
INV0000523,LOC004,ITM0073,286,94
INV0000524,LOC004,ITM0074,188,56
INV0000525,LOC004,ITM0075,172,93
INV0000526,LOC004,ITM0076,167,69
INV0000527,LOC004,ITM0077,32,31
INV0000528,LOC004,ITM0078,389,60
INV0000529,LOC004,ITM0079,60,87
INV0000530,LOC004,ITM0080,232,46
INV0000531,LOC004,ITM0081,155,72
INV0000532,LOC004,ITM0082,489,52
INV0000533,LOC004,ITM0083,469,99
INV0000534,LOC004,ITM0084,469,80
INV0000535,LOC004,ITM0085,213,45
INV0000536,LOC004,ITM0086,0,22
INV0000537,LOC004,ITM0087,493,38
INV0000538,LOC004,ITM0088,9,46
INV0000539,LOC004,ITM0089,248,79
INV0000540,LOC004,ITM0090,434,22
INV0000541,LOC004,ITM0091,17,70
INV0000542,LOC004,ITM0092,170,63
INV0000543,LOC004,ITM0093,142,47
INV0000544,LOC004,ITM0094,50,36
INV0000545,LOC004,ITM0095,371,95
INV0000546,LOC004,ITM0096,463,80
INV0000547,LOC004,ITM0097,389,25
INV0000548,LOC004,ITM0098,176,54
INV0000549,LOC004,ITM0099,34,75
INV0000550,LOC004,ITM0100,116,96
INV0000551,LOC004,ITM0101,473,93
INV0000552,LOC004,ITM0102,397,39
INV0000553,LOC004,ITM0103,73,23
INV0000554,LOC004,ITM0104,0,95
INV0000555,LOC004,ITM0105,420,28
INV0000556,LOC004,ITM0106,130,52
INV0000557,LOC004,ITM0107,131,26
INV0000558,LOC004,ITM0108,410,27
INV0000559,LOC004,ITM0109,399,72
INV0000560,LOC004,ITM0110,29,47
INV0000561,LOC004,ITM0111,369,70
INV0000562,LOC004,ITM0112,131,35
INV0000563,LOC004,ITM0113,385,32
INV0000564,LOC004,ITM0114,374,45
INV0000565,LOC004,ITM0115,84,22
INV0000566,LOC004,ITM0116,191,35
INV0000567,LOC004,ITM0117,204,70
INV0000568,LOC004,ITM0118,81,47
INV0000569,LOC004,ITM0119,322,35
INV0000570,LOC004,ITM0120,361,27
INV0000571,LOC004,ITM0121,334,40
INV0000572,LOC004,ITM0122,184,55
INV0000573,LOC004,ITM0123,68,22
INV0000574,LOC004,ITM0124,35,37
INV0000575,LOC004,ITM0125,174,100
INV0000576,LOC004,ITM0126,220,92
INV0000577,LOC004,ITM0127,0,96
INV0000578,LOC004,ITM0128,71,56
INV0000579,LOC004,ITM0129,310,70
INV0000580,LOC004,ITM0130,148,63
INV0000581,LOC004,ITM0131,400,58
INV0000582,LOC004,ITM0132,309,94
INV0000583,LOC004,ITM0133,304,44
INV0000584,LOC004,ITM0134,343,100
INV0000585,LOC004,ITM0135,206,55
INV0000586,LOC004,ITM0136,206,52
INV0000587,LOC004,ITM0137,357,71
INV0000588,LOC004,ITM0138,314,37
INV0000589,LOC004,ITM0139,453,62
INV0000590,LOC004,ITM0140,461,98
INV0000591,LOC004,ITM0141,108,61
INV0000592,LOC004,ITM0142,62,52
INV0000593,LOC004,ITM0143,400,100
INV0000594,LOC004,ITM0144,165,44
INV0000595,LOC004,ITM0145,149,82
INV0000596,LOC004,ITM0146,419,40
INV0000597,LOC004,ITM0147,178,81
INV0000598,LOC004,ITM0148,59,77
INV0000599,LOC004,ITM0149,66,86
INV0000600,LOC004,ITM0150,476,40
INV0000601,LOC005,ITM0001,345,76
INV0000602,LOC005,ITM0002,496,98
INV0000603,LOC005,ITM0003,6,37
INV0000604,LOC005,ITM0004,117,53
INV0000605,LOC005,ITM0005,129,95
INV0000606,LOC005,ITM0006,360,75
INV0000607,LOC005,ITM0007,134,37
INV0000608,LOC005,ITM0008,489,31
INV0000609,LOC005,ITM0009,366,49
INV0000610,LOC005,ITM0010,176,65
INV0000611,LOC005,ITM0011,417,60
INV0000612,LOC005,ITM0012,104,86
INV0000613,LOC005,ITM0013,82,24
INV0000614,LOC005,ITM0014,459,55
INV0000615,LOC005,ITM0015,93,44
INV0000616,LOC005,ITM0016,20,92
INV0000617,LOC005,ITM0017,375,88
INV0000618,LOC005,ITM0018,206,92
INV0000619,LOC005,ITM0019,462,28
INV0000620,LOC005,ITM0020,326,89
INV0000621,LOC005,ITM0021,496,39
INV0000622,LOC005,ITM0022,244,94
INV0000623,LOC005,ITM0023,461,84
INV0000624,LOC005,ITM0024,397,61
INV0000625,LOC005,ITM0025,356,30
INV0000626,LOC005,ITM0026,490,79
INV0000627,LOC005,ITM0027,8,73
INV0000628,LOC005,ITM0028,24,47
INV0000629,LOC005,ITM0029,118,50
INV0000630,LOC005,ITM0030,118,28
INV0000631,LOC005,ITM0031,232,39
INV0000632,LOC005,ITM0032,331,78
INV0000633,LOC005,ITM0033,260,62
INV0000634,LOC005,ITM0034,407,68
INV0000635,LOC005,ITM0035,323,72
INV0000636,LOC005,ITM0036,3,92
INV0000637,LOC005,ITM0037,224,66
INV0000638,LOC005,ITM0038,43,28
INV0000639,LOC005,ITM0039,344,65
INV0000640,LOC005,ITM0040,426,56
INV0000641,LOC005,ITM0041,155,86
INV0000642,LOC005,ITM0042,49,21
INV0000643,LOC005,ITM0043,370,35
INV0000644,LOC005,ITM0044,14,88
INV0000645,LOC005,ITM0045,269,54
INV0000646,LOC005,ITM0046,497,67
INV0000647,LOC005,ITM0047,416,84
INV0000648,LOC005,ITM0048,342,56
INV0000649,LOC005,ITM0049,51,85
INV0000650,LOC005,ITM0050,139,25
INV0000651,LOC005,ITM0051,498,37
INV0000652,LOC005,ITM0052,61,45
INV0000653,LOC005,ITM0053,434,66
INV0000654,LOC005,ITM0054,494,33
INV0000655,LOC005,ITM0055,415,43
INV0000656,LOC005,ITM0056,409,90
INV0000657,LOC005,ITM0057,265,90
INV0000658,LOC005,ITM0058,24,36
INV0000659,LOC005,ITM0059,486,33
INV0000660,LOC005,ITM0060,144,32
INV0000661,LOC005,ITM0061,432,32
INV0000662,LOC005,ITM0062,241,93
INV0000663,LOC005,ITM0063,381,98
INV0000664,LOC005,ITM0064,292,95
INV0000665,LOC005,ITM0065,359,60
INV0000666,LOC005,ITM0066,186,45
INV0000667,LOC005,ITM0067,155,20
INV0000668,LOC005,ITM0068,339,56
INV0000669,LOC005,ITM0069,352,77
INV0000670,LOC005,ITM0070,91,83
INV0000671,LOC005,ITM0071,107,93
INV0000672,LOC005,ITM0072,76,86
INV0000673,LOC005,ITM0073,120,36
INV0000674,LOC005,ITM0074,423,50
INV0000675,LOC005,ITM0075,394,37
INV0000676,LOC005,ITM0076,48,92
INV0000677,LOC005,ITM0077,327,72
INV0000678,LOC005,ITM0078,466,83
INV0000679,LOC005,ITM0079,492,87
INV0000680,LOC005,ITM0080,396,36
INV0000681,LOC005,ITM0081,288,56
INV0000682,LOC005,ITM0082,43,34
INV0000683,LOC005,ITM0083,157,23
INV0000684,LOC005,ITM0084,357,25
INV0000685,LOC005,ITM0085,238,98
INV0000686,LOC005,ITM0086,232,27
INV0000687,LOC005,ITM0087,86,81
INV0000688,LOC005,ITM0088,201,26
INV0000689,LOC005,ITM0089,281,34
INV0000690,LOC005,ITM0090,244,79
INV0000691,LOC005,ITM0091,205,44
INV0000692,LOC005,ITM0092,484,82
INV0000693,LOC005,ITM0093,337,33
INV0000694,LOC005,ITM0094,157,35
INV0000695,LOC005,ITM0095,321,64
INV0000696,LOC005,ITM0096,436,33
INV0000697,LOC005,ITM0097,180,31
INV0000698,LOC005,ITM0098,43,91
INV0000699,LOC005,ITM0099,436,29
INV0000700,LOC005,ITM0100,90,97
INV0000701,LOC005,ITM0101,233,33
INV0000702,LOC005,ITM0102,433,94
INV0000703,LOC005,ITM0103,430,42
INV0000704,LOC005,ITM0104,297,75
INV0000705,LOC005,ITM0105,157,29
INV0000706,LOC005,ITM0106,452,97
INV0000707,LOC005,ITM0107,171,97
INV0000708,LOC005,ITM0108,398,85
INV0000709,LOC005,ITM0109,246,29
INV0000710,LOC005,ITM0110,16,46
INV0000711,LOC005,ITM0111,438,54
INV0000712,LOC005,ITM0112,84,56
INV0000713,LOC005,ITM0113,289,95
INV0000714,LOC005,ITM0114,214,99
INV0000715,LOC005,ITM0115,225,79
INV0000716,LOC005,ITM0116,186,72
INV0000717,LOC005,ITM0117,359,69
INV0000718,LOC005,ITM0118,342,22
INV0000719,LOC005,ITM0119,378,98
INV0000720,LOC005,ITM0120,448,91
INV0000721,LOC005,ITM0121,293,69
INV0000722,LOC005,ITM0122,369,68
INV0000723,LOC005,ITM0123,7,93
INV0000724,LOC005,ITM0124,208,53
INV0000725,LOC005,ITM0125,182,37
INV0000726,LOC005,ITM0126,83,40
INV0000727,LOC005,ITM0127,426,36
INV0000728,LOC005,ITM0128,36,27
INV0000729,LOC005,ITM0129,170,32
INV0000730,LOC005,ITM0130,497,54
INV0000731,LOC005,ITM0131,33,54
INV0000732,LOC005,ITM0132,140,23
INV0000733,LOC005,ITM0133,320,81
INV0000734,LOC005,ITM0134,141,28
INV0000735,LOC005,ITM0135,9,97
INV0000736,LOC005,ITM0136,239,91
INV0000737,LOC005,ITM0137,271,58
INV0000738,LOC005,ITM0138,69,55
INV0000739,LOC005,ITM0139,346,27
INV0000740,LOC005,ITM0140,213,71
INV0000741,LOC005,ITM0141,189,68
INV0000742,LOC005,ITM0142,442,26
INV0000743,LOC005,ITM0143,442,77
INV0000744,LOC005,ITM0144,334,89
INV0000745,LOC005,ITM0145,171,63
INV0000746,LOC005,ITM0146,130,88
INV0000747,LOC005,ITM0147,318,84
INV0000748,LOC005,ITM0148,70,54
INV0000749,LOC005,ITM0149,167,85
INV0000750,LOC005,ITM0150,283,20
INV0000751,LOC006,ITM0001,87,88
INV0000752,LOC006,ITM0002,102,27
INV0000753,LOC006,ITM0003,144,71
INV0000754,LOC006,ITM0004,183,40
INV0000755,LOC006,ITM0005,80,45
INV0000756,LOC006,ITM0006,263,38
INV0000757,LOC006,ITM0007,105,68
INV0000758,LOC006,ITM0008,396,54
INV0000759,LOC006,ITM0009,426,92
INV0000760,LOC006,ITM0010,391,78
INV0000761,LOC006,ITM0011,34,24
INV0000762,LOC006,ITM0012,166,91
INV0000763,LOC006,ITM0013,319,43
INV0000764,LOC006,ITM0014,5,94
INV0000765,LOC006,ITM0015,486,78
INV0000766,LOC006,ITM0016,394,73
INV0000767,LOC006,ITM0017,490,52
INV0000768,LOC006,ITM0018,2,56
INV0000769,LOC006,ITM0019,355,90
INV0000770,LOC006,ITM0020,474,35
INV0000771,LOC006,ITM0021,71,90
INV0000772,LOC006,ITM0022,352,51
INV0000773,LOC006,ITM0023,26,37
INV0000774,LOC006,ITM0024,246,40
INV0000775,LOC006,ITM0025,373,62
INV0000776,LOC006,ITM0026,36,29
INV0000777,LOC006,ITM0027,230,48
INV0000778,LOC006,ITM0028,459,71
INV0000779,LOC006,ITM0029,286,77
INV0000780,LOC006,ITM0030,234,42
INV0000781,LOC006,ITM0031,158,85
INV0000782,LOC006,ITM0032,207,46
INV0000783,LOC006,ITM0033,70,67
INV0000784,LOC006,ITM0034,459,59
INV0000785,LOC006,ITM0035,325,36
INV0000786,LOC006,ITM0036,134,98
INV0000787,LOC006,ITM0037,35,50
INV0000788,LOC006,ITM0038,187,66
INV0000789,LOC006,ITM0039,384,37
INV0000790,LOC006,ITM0040,448,49
INV0000791,LOC006,ITM0041,334,85
INV0000792,LOC006,ITM0042,42,29
INV0000793,LOC006,ITM0043,256,49
INV0000794,LOC006,ITM0044,78,43
INV0000795,LOC006,ITM0045,33,44
INV0000796,LOC006,ITM0046,34,100
INV0000797,LOC006,ITM0047,148,100
INV0000798,LOC006,ITM0048,167,44
INV0000799,LOC006,ITM0049,56,91
INV0000800,LOC006,ITM0050,463,22
INV0000801,LOC006,ITM0051,352,85
INV0000802,LOC006,ITM0052,315,96
INV0000803,LOC006,ITM0053,283,55
INV0000804,LOC006,ITM0054,155,78
INV0000805,LOC006,ITM0055,463,100
INV0000806,LOC006,ITM0056,477,87
INV0000807,LOC006,ITM0057,383,21
INV0000808,LOC006,ITM0058,38,66
INV0000809,LOC006,ITM0059,308,61
INV0000810,LOC006,ITM0060,352,67
INV0000811,LOC006,ITM0061,381,42
INV0000812,LOC006,ITM0062,229,44
INV0000813,LOC006,ITM0063,416,75
INV0000814,LOC006,ITM0064,81,81
INV0000815,LOC006,ITM0065,106,78
INV0000816,LOC006,ITM0066,248,69
INV0000817,LOC006,ITM0067,293,81
INV0000818,LOC006,ITM0068,251,97
INV0000819,LOC006,ITM0069,247,92
INV0000820,LOC006,ITM0070,125,42
INV0000821,LOC006,ITM0071,217,98
INV0000822,LOC006,ITM0072,108,67
INV0000823,LOC006,ITM0073,368,36
INV0000824,LOC006,ITM0074,144,61
INV0000825,LOC006,ITM0075,62,72
INV0000826,LOC006,ITM0076,67,56
INV0000827,LOC006,ITM0077,392,54
INV0000828,LOC006,ITM0078,362,52
INV0000829,LOC006,ITM0079,486,91
INV0000830,LOC006,ITM0080,248,76
INV0000831,LOC006,ITM0081,328,99
INV0000832,LOC006,ITM0082,105,81
INV0000833,LOC006,ITM0083,218,95
INV0000834,LOC006,ITM0084,188,22
INV0000835,LOC006,ITM0085,287,39
INV0000836,LOC006,ITM0086,351,97
INV0000837,LOC006,ITM0087,111,51
INV0000838,LOC006,ITM0088,227,79
INV0000839,LOC006,ITM0089,285,88
INV0000840,LOC006,ITM0090,455,40
INV0000841,LOC006,ITM0091,455,57
INV0000842,LOC006,ITM0092,236,40
INV0000843,LOC006,ITM0093,457,74
INV0000844,LOC006,ITM0094,76,21
INV0000845,LOC006,ITM0095,281,60
INV0000846,LOC006,ITM0096,358,74
INV0000847,LOC006,ITM0097,188,66
INV0000848,LOC006,ITM0098,458,43
INV0000849,LOC006,ITM0099,330,28
INV0000850,LOC006,ITM0100,385,70
INV0000851,LOC006,ITM0101,374,24
INV0000852,LOC006,ITM0102,33,32
INV0000853,LOC006,ITM0103,378,77
INV0000854,LOC006,ITM0104,480,85
INV0000855,LOC006,ITM0105,144,25
INV0000856,LOC006,ITM0106,180,25
INV0000857,LOC006,ITM0107,473,73
INV0000858,LOC006,ITM0108,305,90
INV0000859,LOC006,ITM0109,261,28
INV0000860,LOC006,ITM0110,349,87
INV0000861,LOC006,ITM0111,413,32
INV0000862,LOC006,ITM0112,335,81
INV0000863,LOC006,ITM0113,70,78
INV0000864,LOC006,ITM0114,224,22
INV0000865,LOC006,ITM0115,257,40
INV0000866,LOC006,ITM0116,365,92
INV0000867,LOC006,ITM0117,241,52
INV0000868,LOC006,ITM0118,334,50
INV0000869,LOC006,ITM0119,404,92
INV0000870,LOC006,ITM0120,85,51
INV0000871,LOC006,ITM0121,243,31
INV0000872,LOC006,ITM0122,37,30
INV0000873,LOC006,ITM0123,10,34
INV0000874,LOC006,ITM0124,260,39
INV0000875,LOC006,ITM0125,390,52
INV0000876,LOC006,ITM0126,448,79
INV0000877,LOC006,ITM0127,42,66
INV0000878,LOC006,ITM0128,121,37
INV0000879,LOC006,ITM0129,11,21
INV0000880,LOC006,ITM0130,432,79
INV0000881,LOC006,ITM0131,9,48
INV0000882,LOC006,ITM0132,278,57
INV0000883,LOC006,ITM0133,129,74
INV0000884,LOC006,ITM0134,135,65
INV0000885,LOC006,ITM0135,381,74
INV0000886,LOC006,ITM0136,315,62
INV0000887,LOC006,ITM0137,129,75
INV0000888,LOC006,ITM0138,75,99
INV0000889,LOC006,ITM0139,286,98
INV0000890,LOC006,ITM0140,456,30
INV0000891,LOC006,ITM0141,435,59
INV0000892,LOC006,ITM0142,426,29
INV0000893,LOC006,ITM0143,32,54
INV0000894,LOC006,ITM0144,128,45
INV0000895,LOC006,ITM0145,268,90
INV0000896,LOC006,ITM0146,103,64
INV0000897,LOC006,ITM0147,105,62
INV0000898,LOC006,ITM0148,4,45
INV0000899,LOC006,ITM0149,278,57
INV0000900,LOC006,ITM0150,190,96
INV0000901,LOC007,ITM0001,227,96
INV0000902,LOC007,ITM0002,315,52
INV0000903,LOC007,ITM0003,182,45
INV0000904,LOC007,ITM0004,415,74
INV0000905,LOC007,ITM0005,379,71
INV0000906,LOC007,ITM0006,374,80
INV0000907,LOC007,ITM0007,391,93
INV0000908,LOC007,ITM0008,452,20
INV0000909,LOC007,ITM0009,69,89
INV0000910,LOC007,ITM0010,205,20
INV0000911,LOC007,ITM0011,331,39
INV0000912,LOC007,ITM0012,494,38
INV0000913,LOC007,ITM0013,169,30
INV0000914,LOC007,ITM0014,450,85
INV0000915,LOC007,ITM0015,370,76
INV0000916,LOC007,ITM0016,216,54
INV0000917,LOC007,ITM0017,43,50
INV0000918,LOC007,ITM0018,39,64
INV0000919,LOC007,ITM0019,125,64
INV0000920,LOC007,ITM0020,131,85
INV0000921,LOC007,ITM0021,221,61
INV0000922,LOC007,ITM0022,380,40
INV0000923,LOC007,ITM0023,93,86
INV0000924,LOC007,ITM0024,429,94
INV0000925,LOC007,ITM0025,157,62
INV0000926,LOC007,ITM0026,391,100
INV0000927,LOC007,ITM0027,162,97
INV0000928,LOC007,ITM0028,440,38
INV0000929,LOC007,ITM0029,111,81
INV0000930,LOC007,ITM0030,235,96
INV0000931,LOC007,ITM0031,147,56
INV0000932,LOC007,ITM0032,41,62
INV0000933,LOC007,ITM0033,112,61
INV0000934,LOC007,ITM0034,133,45
INV0000935,LOC007,ITM0035,452,62
INV0000936,LOC007,ITM0036,184,21
INV0000937,LOC007,ITM0037,254,77
INV0000938,LOC007,ITM0038,316,22
INV0000939,LOC007,ITM0039,486,42
INV0000940,LOC007,ITM0040,45,98
INV0000941,LOC007,ITM0041,14,23
INV0000942,LOC007,ITM0042,327,24
INV0000943,LOC007,ITM0043,463,96
INV0000944,LOC007,ITM0044,90,44
INV0000945,LOC007,ITM0045,450,96
INV0000946,LOC007,ITM0046,114,85
INV0000947,LOC007,ITM0047,371,48
INV0000948,LOC007,ITM0048,10,24
INV0000949,LOC007,ITM0049,227,75
INV0000950,LOC007,ITM0050,295,25
INV0000951,LOC007,ITM0051,476,65
INV0000952,LOC007,ITM0052,289,47
INV0000953,LOC007,ITM0053,186,44
INV0000954,LOC007,ITM0054,80,66
INV0000955,LOC007,ITM0055,446,66
INV0000956,LOC007,ITM0056,138,58
INV0000957,LOC007,ITM0057,188,69
INV0000958,LOC007,ITM0058,82,54
INV0000959,LOC007,ITM0059,212,69
INV0000960,LOC007,ITM0060,416,96
INV0000961,LOC007,ITM0061,77,91
INV0000962,LOC007,ITM0062,126,34
INV0000963,LOC007,ITM0063,486,26
INV0000964,LOC007,ITM0064,313,98
INV0000965,LOC007,ITM0065,5,52
INV0000966,LOC007,ITM0066,21,77
INV0000967,LOC007,ITM0067,380,31
INV0000968,LOC007,ITM0068,429,86
INV0000969,LOC007,ITM0069,428,72
INV0000970,LOC007,ITM0070,362,28
INV0000971,LOC007,ITM0071,382,45
INV0000972,LOC007,ITM0072,185,22
INV0000973,LOC007,ITM0073,263,60
INV0000974,LOC007,ITM0074,354,71
INV0000975,LOC007,ITM0075,20,36
INV0000976,LOC007,ITM0076,67,92
INV0000977,LOC007,ITM0077,474,24
INV0000978,LOC007,ITM0078,140,23
INV0000979,LOC007,ITM0079,44,48
INV0000980,LOC007,ITM0080,316,24
INV0000981,LOC007,ITM0081,404,39
INV0000982,LOC007,ITM0082,49,56
INV0000983,LOC007,ITM0083,57,24
INV0000984,LOC007,ITM0084,428,85
INV0000985,LOC007,ITM0085,307,62
INV0000986,LOC007,ITM0086,265,53
INV0000987,LOC007,ITM0087,432,38
INV0000988,LOC007,ITM0088,39,63
INV0000989,LOC007,ITM0089,283,46
INV0000990,LOC007,ITM0090,495,58
INV0000991,LOC007,ITM0091,334,31
INV0000992,LOC007,ITM0092,130,36
INV0000993,LOC007,ITM0093,465,96
INV0000994,LOC007,ITM0094,148,58
INV0000995,LOC007,ITM0095,241,38
INV0000996,LOC007,ITM0096,414,37
INV0000997,LOC007,ITM0097,198,66
INV0000998,LOC007,ITM0098,420,76
INV0000999,LOC007,ITM0099,452,92
INV0001000,LOC007,ITM0100,490,53
INV0001001,LOC007,ITM0101,201,58
INV0001002,LOC007,ITM0102,77,35
INV0001003,LOC007,ITM0103,176,25
INV0001004,LOC007,ITM0104,154,95
INV0001005,LOC007,ITM0105,26,46
INV0001006,LOC007,ITM0106,162,94
INV0001007,LOC007,ITM0107,94,33
INV0001008,LOC007,ITM0108,451,59
INV0001009,LOC007,ITM0109,78,50
INV0001010,LOC007,ITM0110,38,25
INV0001011,LOC007,ITM0111,421,68
INV0001012,LOC007,ITM0112,80,90
INV0001013,LOC007,ITM0113,495,47
INV0001014,LOC007,ITM0114,393,60
INV0001015,LOC007,ITM0115,137,70
INV0001016,LOC007,ITM0116,16,51
INV0001017,LOC007,ITM0117,13,47
INV0001018,LOC007,ITM0118,78,74
INV0001019,LOC007,ITM0119,336,58
INV0001020,LOC007,ITM0120,121,66
INV0001021,LOC007,ITM0121,383,80
INV0001022,LOC007,ITM0122,72,52
INV0001023,LOC007,ITM0123,465,59
INV0001024,LOC007,ITM0124,310,59
INV0001025,LOC007,ITM0125,125,67
INV0001026,LOC007,ITM0126,241,47
INV0001027,LOC007,ITM0127,398,68
INV0001028,LOC007,ITM0128,184,47
INV0001029,LOC007,ITM0129,229,87
INV0001030,LOC007,ITM0130,246,95
INV0001031,LOC007,ITM0131,139,50
INV0001032,LOC007,ITM0132,92,30
INV0001033,LOC007,ITM0133,128,89
INV0001034,LOC007,ITM0134,57,72
INV0001035,LOC007,ITM0135,27,26
INV0001036,LOC007,ITM0136,286,30
INV0001037,LOC007,ITM0137,300,86
INV0001038,LOC007,ITM0138,41,97
INV0001039,LOC007,ITM0139,142,98
INV0001040,LOC007,ITM0140,476,36
INV0001041,LOC007,ITM0141,271,90
INV0001042,LOC007,ITM0142,54,52
INV0001043,LOC007,ITM0143,171,87
INV0001044,LOC007,ITM0144,231,57
INV0001045,LOC007,ITM0145,58,79
INV0001046,LOC007,ITM0146,428,64
INV0001047,LOC007,ITM0147,418,53
INV0001048,LOC007,ITM0148,432,55
INV0001049,LOC007,ITM0149,237,96
INV0001050,LOC007,ITM0150,228,97
INV0001051,LOC008,ITM0001,111,100
INV0001052,LOC008,ITM0002,196,36
INV0001053,LOC008,ITM0003,247,23
INV0001054,LOC008,ITM0004,246,34
INV0001055,LOC008,ITM0005,10,45
INV0001056,LOC008,ITM0006,318,99
INV0001057,LOC008,ITM0007,482,38
INV0001058,LOC008,ITM0008,328,88
INV0001059,LOC008,ITM0009,428,27
INV0001060,LOC008,ITM0010,327,40
INV0001061,LOC008,ITM0011,422,55
INV0001062,LOC008,ITM0012,416,91
INV0001063,LOC008,ITM0013,222,60
INV0001064,LOC008,ITM0014,33,60
INV0001065,LOC008,ITM0015,473,60
INV0001066,LOC008,ITM0016,148,60
INV0001067,LOC008,ITM0017,68,69
INV0001068,LOC008,ITM0018,148,88
INV0001069,LOC008,ITM0019,132,70
INV0001070,LOC008,ITM0020,428,30
INV0001071,LOC008,ITM0021,8,53
INV0001072,LOC008,ITM0022,169,94
INV0001073,LOC008,ITM0023,429,28
INV0001074,LOC008,ITM0024,431,54
INV0001075,LOC008,ITM0025,490,26
INV0001076,LOC008,ITM0026,348,37
INV0001077,LOC008,ITM0027,295,91
INV0001078,LOC008,ITM0028,440,81
INV0001079,LOC008,ITM0029,21,94
INV0001080,LOC008,ITM0030,489,21
INV0001081,LOC008,ITM0031,73,63
INV0001082,LOC008,ITM0032,265,40
INV0001083,LOC008,ITM0033,267,66
INV0001084,LOC008,ITM0034,493,47
INV0001085,LOC008,ITM0035,120,91
INV0001086,LOC008,ITM0036,261,78
INV0001087,LOC008,ITM0037,468,27
INV0001088,LOC008,ITM0038,400,47
INV0001089,LOC008,ITM0039,143,82
INV0001090,LOC008,ITM0040,490,51
INV0001091,LOC008,ITM0041,53,83
INV0001092,LOC008,ITM0042,183,80
INV0001093,LOC008,ITM0043,476,40
INV0001094,LOC008,ITM0044,9,71
INV0001095,LOC008,ITM0045,11,36
INV0001096,LOC008,ITM0046,128,29
INV0001097,LOC008,ITM0047,403,95
INV0001098,LOC008,ITM0048,373,64
INV0001099,LOC008,ITM0049,255,78
INV0001100,LOC008,ITM0050,351,61
INV0001101,LOC008,ITM0051,479,91
INV0001102,LOC008,ITM0052,420,62
INV0001103,LOC008,ITM0053,207,43
INV0001104,LOC008,ITM0054,365,50
INV0001105,LOC008,ITM0055,54,78
INV0001106,LOC008,ITM0056,344,92
INV0001107,LOC008,ITM0057,209,38
INV0001108,LOC008,ITM0058,273,25
INV0001109,LOC008,ITM0059,421,30
INV0001110,LOC008,ITM0060,337,32
INV0001111,LOC008,ITM0061,186,44
INV0001112,LOC008,ITM0062,14,21
INV0001113,LOC008,ITM0063,412,98
INV0001114,LOC008,ITM0064,168,80
INV0001115,LOC008,ITM0065,344,90
INV0001116,LOC008,ITM0066,414,64
INV0001117,LOC008,ITM0067,165,58
INV0001118,LOC008,ITM0068,324,38
INV0001119,LOC008,ITM0069,174,34
INV0001120,LOC008,ITM0070,356,87
INV0001121,LOC008,ITM0071,319,39
INV0001122,LOC008,ITM0072,391,27
INV0001123,LOC008,ITM0073,48,49
INV0001124,LOC008,ITM0074,295,71
INV0001125,LOC008,ITM0075,302,74
INV0001126,LOC008,ITM0076,20,66
INV0001127,LOC008,ITM0077,158,43
INV0001128,LOC008,ITM0078,373,76
INV0001129,LOC008,ITM0079,153,53
INV0001130,LOC008,ITM0080,322,24
INV0001131,LOC008,ITM0081,104,76
INV0001132,LOC008,ITM0082,241,25
INV0001133,LOC008,ITM0083,367,92
INV0001134,LOC008,ITM0084,384,92
INV0001135,LOC008,ITM0085,152,66
INV0001136,LOC008,ITM0086,270,90
INV0001137,LOC008,ITM0087,398,99
INV0001138,LOC008,ITM0088,78,69
INV0001139,LOC008,ITM0089,167,45
INV0001140,LOC008,ITM0090,480,98
INV0001141,LOC008,ITM0091,387,83
INV0001142,LOC008,ITM0092,177,20
INV0001143,LOC008,ITM0093,21,41
INV0001144,LOC008,ITM0094,7,40
INV0001145,LOC008,ITM0095,291,21
INV0001146,LOC008,ITM0096,288,90
INV0001147,LOC008,ITM0097,158,60
INV0001148,LOC008,ITM0098,241,21
INV0001149,LOC008,ITM0099,241,93
INV0001150,LOC008,ITM0100,167,32
INV0001151,LOC008,ITM0101,181,24
INV0001152,LOC008,ITM0102,133,46
INV0001153,LOC008,ITM0103,153,23
INV0001154,LOC008,ITM0104,242,78
INV0001155,LOC008,ITM0105,54,97
INV0001156,LOC008,ITM0106,120,42
INV0001157,LOC008,ITM0107,184,48
INV0001158,LOC008,ITM0108,87,51
INV0001159,LOC008,ITM0109,38,86
INV0001160,LOC008,ITM0110,51,57
INV0001161,LOC008,ITM0111,201,42
INV0001162,LOC008,ITM0112,318,68
INV0001163,LOC008,ITM0113,217,99
INV0001164,LOC008,ITM0114,73,47
INV0001165,LOC008,ITM0115,190,92
INV0001166,LOC008,ITM0116,236,83
INV0001167,LOC008,ITM0117,135,63
INV0001168,LOC008,ITM0118,10,42
INV0001169,LOC008,ITM0119,369,75
INV0001170,LOC008,ITM0120,436,57
INV0001171,LOC008,ITM0121,278,53
INV0001172,LOC008,ITM0122,460,38
INV0001173,LOC008,ITM0123,461,69
INV0001174,LOC008,ITM0124,48,64
INV0001175,LOC008,ITM0125,134,85
INV0001176,LOC008,ITM0126,402,56
INV0001177,LOC008,ITM0127,383,74
INV0001178,LOC008,ITM0128,30,36
INV0001179,LOC008,ITM0129,417,21
INV0001180,LOC008,ITM0130,287,83
INV0001181,LOC008,ITM0131,142,70
INV0001182,LOC008,ITM0132,434,58
INV0001183,LOC008,ITM0133,94,82
INV0001184,LOC008,ITM0134,91,31
INV0001185,LOC008,ITM0135,464,82
INV0001186,LOC008,ITM0136,437,100
INV0001187,LOC008,ITM0137,335,61
INV0001188,LOC008,ITM0138,156,100
INV0001189,LOC008,ITM0139,207,86
INV0001190,LOC008,ITM0140,172,73
INV0001191,LOC008,ITM0141,189,60
INV0001192,LOC008,ITM0142,267,71
INV0001193,LOC008,ITM0143,315,41
INV0001194,LOC008,ITM0144,175,81
INV0001195,LOC008,ITM0145,193,31
INV0001196,LOC008,ITM0146,455,39
INV0001197,LOC008,ITM0147,145,62
INV0001198,LOC008,ITM0148,428,85
INV0001199,LOC008,ITM0149,409,63
INV0001200,LOC008,ITM0150,57,50
INV0001201,LOC009,ITM0001,167,43
INV0001202,LOC009,ITM0002,395,73
INV0001203,LOC009,ITM0003,218,95
INV0001204,LOC009,ITM0004,284,52
INV0001205,LOC009,ITM0005,425,77
INV0001206,LOC009,ITM0006,431,83
INV0001207,LOC009,ITM0007,133,23
INV0001208,LOC009,ITM0008,248,23
INV0001209,LOC009,ITM0009,404,50
INV0001210,LOC009,ITM0010,38,96
INV0001211,LOC009,ITM0011,477,72
INV0001212,LOC009,ITM0012,213,80
INV0001213,LOC009,ITM0013,494,73
INV0001214,LOC009,ITM0014,151,28
INV0001215,LOC009,ITM0015,8,34
INV0001216,LOC009,ITM0016,437,100
INV0001217,LOC009,ITM0017,33,88
INV0001218,LOC009,ITM0018,149,96
INV0001219,LOC009,ITM0019,180,28
INV0001220,LOC009,ITM0020,108,28
INV0001221,LOC009,ITM0021,379,37
INV0001222,LOC009,ITM0022,137,93
INV0001223,LOC009,ITM0023,319,46
INV0001224,LOC009,ITM0024,65,29
INV0001225,LOC009,ITM0025,272,70
INV0001226,LOC009,ITM0026,206,54
INV0001227,LOC009,ITM0027,476,86
INV0001228,LOC009,ITM0028,120,26
INV0001229,LOC009,ITM0029,38,70
INV0001230,LOC009,ITM0030,78,77
INV0001231,LOC009,ITM0031,251,30
INV0001232,LOC009,ITM0032,115,54
INV0001233,LOC009,ITM0033,388,31
INV0001234,LOC009,ITM0034,418,41
INV0001235,LOC009,ITM0035,143,44
INV0001236,LOC009,ITM0036,6,52
INV0001237,LOC009,ITM0037,384,99
INV0001238,LOC009,ITM0038,494,21
INV0001239,LOC009,ITM0039,311,72
INV0001240,LOC009,ITM0040,194,26
INV0001241,LOC009,ITM0041,343,83
INV0001242,LOC009,ITM0042,447,73
INV0001243,LOC009,ITM0043,16,97
INV0001244,LOC009,ITM0044,286,36
INV0001245,LOC009,ITM0045,59,37
INV0001246,LOC009,ITM0046,325,97
INV0001247,LOC009,ITM0047,5,32
INV0001248,LOC009,ITM0048,469,25
INV0001249,LOC009,ITM0049,256,51
INV0001250,LOC009,ITM0050,113,22
INV0001251,LOC009,ITM0051,330,78
INV0001252,LOC009,ITM0052,263,66
INV0001253,LOC009,ITM0053,257,71
INV0001254,LOC009,ITM0054,94,68
INV0001255,LOC009,ITM0055,146,75
INV0001256,LOC009,ITM0056,111,38
INV0001257,LOC009,ITM0057,455,87
INV0001258,LOC009,ITM0058,147,45
INV0001259,LOC009,ITM0059,386,69
INV0001260,LOC009,ITM0060,13,38
INV0001261,LOC009,ITM0061,487,74
INV0001262,LOC009,ITM0062,218,98
INV0001263,LOC009,ITM0063,192,92
INV0001264,LOC009,ITM0064,355,95
INV0001265,LOC009,ITM0065,274,52
INV0001266,LOC009,ITM0066,29,39
INV0001267,LOC009,ITM0067,148,27
INV0001268,LOC009,ITM0068,200,35
INV0001269,LOC009,ITM0069,182,64
INV0001270,LOC009,ITM0070,100,68
INV0001271,LOC009,ITM0071,370,36
INV0001272,LOC009,ITM0072,100,93
INV0001273,LOC009,ITM0073,422,68
INV0001274,LOC009,ITM0074,307,49
INV0001275,LOC009,ITM0075,389,24
INV0001276,LOC009,ITM0076,324,44
INV0001277,LOC009,ITM0077,16,79
INV0001278,LOC009,ITM0078,328,56
INV0001279,LOC009,ITM0079,53,25
INV0001280,LOC009,ITM0080,498,22
INV0001281,LOC009,ITM0081,24,45
INV0001282,LOC009,ITM0082,268,69
INV0001283,LOC009,ITM0083,100,75
INV0001284,LOC009,ITM0084,180,36
INV0001285,LOC009,ITM0085,475,67
INV0001286,LOC009,ITM0086,243,99
INV0001287,LOC009,ITM0087,490,20
INV0001288,LOC009,ITM0088,130,97
INV0001289,LOC009,ITM0089,1,84
INV0001290,LOC009,ITM0090,331,88
INV0001291,LOC009,ITM0091,141,44
INV0001292,LOC009,ITM0092,10,71
INV0001293,LOC009,ITM0093,248,84
INV0001294,LOC009,ITM0094,343,87
INV0001295,LOC009,ITM0095,464,92
INV0001296,LOC009,ITM0096,293,80
INV0001297,LOC009,ITM0097,166,92
INV0001298,LOC009,ITM0098,389,27
INV0001299,LOC009,ITM0099,105,41
INV0001300,LOC009,ITM0100,116,99
INV0001301,LOC009,ITM0101,208,69
INV0001302,LOC009,ITM0102,320,69
INV0001303,LOC009,ITM0103,50,82
INV0001304,LOC009,ITM0104,488,27
INV0001305,LOC009,ITM0105,9,36
INV0001306,LOC009,ITM0106,107,78
INV0001307,LOC009,ITM0107,192,74
INV0001308,LOC009,ITM0108,458,27
INV0001309,LOC009,ITM0109,115,56
INV0001310,LOC009,ITM0110,433,36
INV0001311,LOC009,ITM0111,365,54
INV0001312,LOC009,ITM0112,307,62
INV0001313,LOC009,ITM0113,191,43
INV0001314,LOC009,ITM0114,378,27
INV0001315,LOC009,ITM0115,415,77
INV0001316,LOC009,ITM0116,275,20
INV0001317,LOC009,ITM0117,401,34
INV0001318,LOC009,ITM0118,474,87
INV0001319,LOC009,ITM0119,281,24
INV0001320,LOC009,ITM0120,410,36
INV0001321,LOC009,ITM0121,377,99
INV0001322,LOC009,ITM0122,282,72
INV0001323,LOC009,ITM0123,145,39
INV0001324,LOC009,ITM0124,304,52
INV0001325,LOC009,ITM0125,350,82
INV0001326,LOC009,ITM0126,366,100
INV0001327,LOC009,ITM0127,43,93
INV0001328,LOC009,ITM0128,457,43
INV0001329,LOC009,ITM0129,1,31
INV0001330,LOC009,ITM0130,77,30
INV0001331,LOC009,ITM0131,334,59
INV0001332,LOC009,ITM0132,241,70
INV0001333,LOC009,ITM0133,238,92
INV0001334,LOC009,ITM0134,11,96
INV0001335,LOC009,ITM0135,491,100
INV0001336,LOC009,ITM0136,428,21
INV0001337,LOC009,ITM0137,148,84
INV0001338,LOC009,ITM0138,316,77
INV0001339,LOC009,ITM0139,54,73
INV0001340,LOC009,ITM0140,422,81
INV0001341,LOC009,ITM0141,205,37
INV0001342,LOC009,ITM0142,38,29
INV0001343,LOC009,ITM0143,8,57
INV0001344,LOC009,ITM0144,271,98
INV0001345,LOC009,ITM0145,385,71
INV0001346,LOC009,ITM0146,376,87
INV0001347,LOC009,ITM0147,134,56
INV0001348,LOC009,ITM0148,488,61
INV0001349,LOC009,ITM0149,435,79
INV0001350,LOC009,ITM0150,232,97
INV0001351,LOC010,ITM0001,390,56
INV0001352,LOC010,ITM0002,131,72
INV0001353,LOC010,ITM0003,241,54
INV0001354,LOC010,ITM0004,385,80
INV0001355,LOC010,ITM0005,179,99
INV0001356,LOC010,ITM0006,364,62
INV0001357,LOC010,ITM0007,50,47
INV0001358,LOC010,ITM0008,148,44
INV0001359,LOC010,ITM0009,203,25
INV0001360,LOC010,ITM0010,430,43
INV0001361,LOC010,ITM0011,394,37
INV0001362,LOC010,ITM0012,411,57
INV0001363,LOC010,ITM0013,62,33
INV0001364,LOC010,ITM0014,212,60
INV0001365,LOC010,ITM0015,375,63
INV0001366,LOC010,ITM0016,372,59
INV0001367,LOC010,ITM0017,35,70
INV0001368,LOC010,ITM0018,52,88
INV0001369,LOC010,ITM0019,26,53
INV0001370,LOC010,ITM0020,225,93
INV0001371,LOC010,ITM0021,96,32
INV0001372,LOC010,ITM0022,152,97
INV0001373,LOC010,ITM0023,181,72
INV0001374,LOC010,ITM0024,452,23
INV0001375,LOC010,ITM0025,104,42
INV0001376,LOC010,ITM0026,256,55
INV0001377,LOC010,ITM0027,89,100
INV0001378,LOC010,ITM0028,96,87
INV0001379,LOC010,ITM0029,383,85
INV0001380,LOC010,ITM0030,99,48
INV0001381,LOC010,ITM0031,156,51
INV0001382,LOC010,ITM0032,486,99
INV0001383,LOC010,ITM0033,226,30
INV0001384,LOC010,ITM0034,122,20
INV0001385,LOC010,ITM0035,390,87
INV0001386,LOC010,ITM0036,104,20
INV0001387,LOC010,ITM0037,412,62
INV0001388,LOC010,ITM0038,370,69
INV0001389,LOC010,ITM0039,93,57
INV0001390,LOC010,ITM0040,118,75
INV0001391,LOC010,ITM0041,372,55
INV0001392,LOC010,ITM0042,352,97
INV0001393,LOC010,ITM0043,308,44
INV0001394,LOC010,ITM0044,259,74
INV0001395,LOC010,ITM0045,463,28
INV0001396,LOC010,ITM0046,376,76
INV0001397,LOC010,ITM0047,321,26
INV0001398,LOC010,ITM0048,478,97
INV0001399,LOC010,ITM0049,363,87
INV0001400,LOC010,ITM0050,131,55
INV0001401,LOC010,ITM0051,309,71
INV0001402,LOC010,ITM0052,265,62
INV0001403,LOC010,ITM0053,218,78
INV0001404,LOC010,ITM0054,28,89
INV0001405,LOC010,ITM0055,102,50
INV0001406,LOC010,ITM0056,31,69
INV0001407,LOC010,ITM0057,111,74
INV0001408,LOC010,ITM0058,209,52
INV0001409,LOC010,ITM0059,424,98
INV0001410,LOC010,ITM0060,194,90
INV0001411,LOC010,ITM0061,362,94
INV0001412,LOC010,ITM0062,178,37
INV0001413,LOC010,ITM0063,98,55
INV0001414,LOC010,ITM0064,145,23
INV0001415,LOC010,ITM0065,186,78
INV0001416,LOC010,ITM0066,74,81
INV0001417,LOC010,ITM0067,316,72
INV0001418,LOC010,ITM0068,237,36
INV0001419,LOC010,ITM0069,500,23
INV0001420,LOC010,ITM0070,271,20
INV0001421,LOC010,ITM0071,229,25
INV0001422,LOC010,ITM0072,1,25
INV0001423,LOC010,ITM0073,210,78
INV0001424,LOC010,ITM0074,328,95
INV0001425,LOC010,ITM0075,417,88
INV0001426,LOC010,ITM0076,318,36
INV0001427,LOC010,ITM0077,4,82
INV0001428,LOC010,ITM0078,461,34
INV0001429,LOC010,ITM0079,73,48
INV0001430,LOC010,ITM0080,330,83
INV0001431,LOC010,ITM0081,462,23
INV0001432,LOC010,ITM0082,347,76
INV0001433,LOC010,ITM0083,258,96
INV0001434,LOC010,ITM0084,111,23
INV0001435,LOC010,ITM0085,342,52
INV0001436,LOC010,ITM0086,91,55
INV0001437,LOC010,ITM0087,45,61
INV0001438,LOC010,ITM0088,104,33
INV0001439,LOC010,ITM0089,462,75
INV0001440,LOC010,ITM0090,65,59
INV0001441,LOC010,ITM0091,192,20
INV0001442,LOC010,ITM0092,245,34
INV0001443,LOC010,ITM0093,488,29
INV0001444,LOC010,ITM0094,5,48
INV0001445,LOC010,ITM0095,174,51
INV0001446,LOC010,ITM0096,136,24
INV0001447,LOC010,ITM0097,239,92
INV0001448,LOC010,ITM0098,193,30
INV0001449,LOC010,ITM0099,297,37
INV0001450,LOC010,ITM0100,231,21
INV0001451,LOC010,ITM0101,46,47
INV0001452,LOC010,ITM0102,234,60
INV0001453,LOC010,ITM0103,470,86
INV0001454,LOC010,ITM0104,343,63
INV0001455,LOC010,ITM0105,196,99
INV0001456,LOC010,ITM0106,113,37
INV0001457,LOC010,ITM0107,497,57
INV0001458,LOC010,ITM0108,412,79
INV0001459,LOC010,ITM0109,276,95
INV0001460,LOC010,ITM0110,1,66
INV0001461,LOC010,ITM0111,243,52
INV0001462,LOC010,ITM0112,150,25
INV0001463,LOC010,ITM0113,115,58
INV0001464,LOC010,ITM0114,451,80
INV0001465,LOC010,ITM0115,190,67
INV0001466,LOC010,ITM0116,31,30
INV0001467,LOC010,ITM0117,475,51
INV0001468,LOC010,ITM0118,439,72
INV0001469,LOC010,ITM0119,235,73
INV0001470,LOC010,ITM0120,122,71
INV0001471,LOC010,ITM0121,456,50
INV0001472,LOC010,ITM0122,430,24
INV0001473,LOC010,ITM0123,464,100
INV0001474,LOC010,ITM0124,24,57
INV0001475,LOC010,ITM0125,132,80
INV0001476,LOC010,ITM0126,411,79
INV0001477,LOC010,ITM0127,85,36
INV0001478,LOC010,ITM0128,38,26
INV0001479,LOC010,ITM0129,400,29
INV0001480,LOC010,ITM0130,64,75
INV0001481,LOC010,ITM0131,277,83
INV0001482,LOC010,ITM0132,211,39
INV0001483,LOC010,ITM0133,156,54
INV0001484,LOC010,ITM0134,284,55
INV0001485,LOC010,ITM0135,16,85
INV0001486,LOC010,ITM0136,241,74
INV0001487,LOC010,ITM0137,484,83
INV0001488,LOC010,ITM0138,219,37
INV0001489,LOC010,ITM0139,403,92
INV0001490,LOC010,ITM0140,463,42
INV0001491,LOC010,ITM0141,60,57
INV0001492,LOC010,ITM0142,334,71
INV0001493,LOC010,ITM0143,386,84
INV0001494,LOC010,ITM0144,310,56
INV0001495,LOC010,ITM0145,365,59
INV0001496,LOC010,ITM0146,376,52
INV0001497,LOC010,ITM0147,389,51
INV0001498,LOC010,ITM0148,113,98
INV0001499,LOC010,ITM0149,260,38
INV0001500,LOC010,ITM0150,346,78
INV0001501,LOC011,ITM0001,288,23
INV0001502,LOC011,ITM0002,186,52
INV0001503,LOC011,ITM0003,456,95
INV0001504,LOC011,ITM0004,213,83
INV0001505,LOC011,ITM0005,245,30
INV0001506,LOC011,ITM0006,280,72
INV0001507,LOC011,ITM0007,144,31
INV0001508,LOC011,ITM0008,21,85
INV0001509,LOC011,ITM0009,233,98
INV0001510,LOC011,ITM0010,463,53
INV0001511,LOC011,ITM0011,36,86
INV0001512,LOC011,ITM0012,307,45
INV0001513,LOC011,ITM0013,8,87
INV0001514,LOC011,ITM0014,177,46
INV0001515,LOC011,ITM0015,436,30
INV0001516,LOC011,ITM0016,23,63
INV0001517,LOC011,ITM0017,362,78
INV0001518,LOC011,ITM0018,198,59
INV0001519,LOC011,ITM0019,407,96
INV0001520,LOC011,ITM0020,347,77
INV0001521,LOC011,ITM0021,357,81
INV0001522,LOC011,ITM0022,257,69
INV0001523,LOC011,ITM0023,124,86
INV0001524,LOC011,ITM0024,163,54
INV0001525,LOC011,ITM0025,147,67
INV0001526,LOC011,ITM0026,258,44
INV0001527,LOC011,ITM0027,457,65
INV0001528,LOC011,ITM0028,35,41
INV0001529,LOC011,ITM0029,229,60
INV0001530,LOC011,ITM0030,323,58
INV0001531,LOC011,ITM0031,474,42
INV0001532,LOC011,ITM0032,343,56
INV0001533,LOC011,ITM0033,74,46
INV0001534,LOC011,ITM0034,413,82
INV0001535,LOC011,ITM0035,259,48
INV0001536,LOC011,ITM0036,393,84
INV0001537,LOC011,ITM0037,408,51
INV0001538,LOC011,ITM0038,268,49
INV0001539,LOC011,ITM0039,81,62
INV0001540,LOC011,ITM0040,475,52
INV0001541,LOC011,ITM0041,95,78
INV0001542,LOC011,ITM0042,474,54
INV0001543,LOC011,ITM0043,436,39
INV0001544,LOC011,ITM0044,199,98
INV0001545,LOC011,ITM0045,371,23
INV0001546,LOC011,ITM0046,100,24
INV0001547,LOC011,ITM0047,49,84
INV0001548,LOC011,ITM0048,482,28
INV0001549,LOC011,ITM0049,498,53
INV0001550,LOC011,ITM0050,326,78
INV0001551,LOC011,ITM0051,335,31
INV0001552,LOC011,ITM0052,193,60
INV0001553,LOC011,ITM0053,425,48
INV0001554,LOC011,ITM0054,28,54
INV0001555,LOC011,ITM0055,255,73
INV0001556,LOC011,ITM0056,361,83
INV0001557,LOC011,ITM0057,332,63
INV0001558,LOC011,ITM0058,414,99
INV0001559,LOC011,ITM0059,54,52
INV0001560,LOC011,ITM0060,80,76
INV0001561,LOC011,ITM0061,412,27
INV0001562,LOC011,ITM0062,86,97
INV0001563,LOC011,ITM0063,380,99
INV0001564,LOC011,ITM0064,244,86
INV0001565,LOC011,ITM0065,342,54
INV0001566,LOC011,ITM0066,286,76
INV0001567,LOC011,ITM0067,121,36
INV0001568,LOC011,ITM0068,101,69
INV0001569,LOC011,ITM0069,144,20
INV0001570,LOC011,ITM0070,32,60
INV0001571,LOC011,ITM0071,301,75
INV0001572,LOC011,ITM0072,445,89
INV0001573,LOC011,ITM0073,312,23
INV0001574,LOC011,ITM0074,221,52
INV0001575,LOC011,ITM0075,127,20
INV0001576,LOC011,ITM0076,294,81
INV0001577,LOC011,ITM0077,144,42
INV0001578,LOC011,ITM0078,269,52
INV0001579,LOC011,ITM0079,141,56
INV0001580,LOC011,ITM0080,147,73
INV0001581,LOC011,ITM0081,366,74
INV0001582,LOC011,ITM0082,419,56
INV0001583,LOC011,ITM0083,346,97
INV0001584,LOC011,ITM0084,164,83
INV0001585,LOC011,ITM0085,143,72
INV0001586,LOC011,ITM0086,280,88
INV0001587,LOC011,ITM0087,316,43
INV0001588,LOC011,ITM0088,374,76
INV0001589,LOC011,ITM0089,255,51
INV0001590,LOC011,ITM0090,205,72
INV0001591,LOC011,ITM0091,486,100
INV0001592,LOC011,ITM0092,352,85
INV0001593,LOC011,ITM0093,422,58
INV0001594,LOC011,ITM0094,206,62
INV0001595,LOC011,ITM0095,398,40
INV0001596,LOC011,ITM0096,308,82
INV0001597,LOC011,ITM0097,157,38
INV0001598,LOC011,ITM0098,358,38
INV0001599,LOC011,ITM0099,1,100
INV0001600,LOC011,ITM0100,487,95
INV0001601,LOC011,ITM0101,61,64
INV0001602,LOC011,ITM0102,468,85
INV0001603,LOC011,ITM0103,243,41
INV0001604,LOC011,ITM0104,93,82
INV0001605,LOC011,ITM0105,156,88
INV0001606,LOC011,ITM0106,405,76
INV0001607,LOC011,ITM0107,362,79
INV0001608,LOC011,ITM0108,145,43
INV0001609,LOC011,ITM0109,466,63
INV0001610,LOC011,ITM0110,102,37
INV0001611,LOC011,ITM0111,273,50
INV0001612,LOC011,ITM0112,231,99
INV0001613,LOC011,ITM0113,301,72
INV0001614,LOC011,ITM0114,444,90
INV0001615,LOC011,ITM0115,440,98
INV0001616,LOC011,ITM0116,259,35
INV0001617,LOC011,ITM0117,420,84
INV0001618,LOC011,ITM0118,493,77
INV0001619,LOC011,ITM0119,311,26
INV0001620,LOC011,ITM0120,330,79
INV0001621,LOC011,ITM0121,138,75
INV0001622,LOC011,ITM0122,444,26
INV0001623,LOC011,ITM0123,433,57
INV0001624,LOC011,ITM0124,36,85
INV0001625,LOC011,ITM0125,298,71
INV0001626,LOC011,ITM0126,138,22
INV0001627,LOC011,ITM0127,200,45
INV0001628,LOC011,ITM0128,394,29
INV0001629,LOC011,ITM0129,373,61
INV0001630,LOC011,ITM0130,111,78
INV0001631,LOC011,ITM0131,50,81
INV0001632,LOC011,ITM0132,259,70
INV0001633,LOC011,ITM0133,30,43
INV0001634,LOC011,ITM0134,450,97
INV0001635,LOC011,ITM0135,338,36
INV0001636,LOC011,ITM0136,207,29
INV0001637,LOC011,ITM0137,28,74
INV0001638,LOC011,ITM0138,347,58
INV0001639,LOC011,ITM0139,97,62
INV0001640,LOC011,ITM0140,487,97
INV0001641,LOC011,ITM0141,215,81
INV0001642,LOC011,ITM0142,104,93
INV0001643,LOC011,ITM0143,191,84
INV0001644,LOC011,ITM0144,123,80
INV0001645,LOC011,ITM0145,375,71
INV0001646,LOC011,ITM0146,489,85
INV0001647,LOC011,ITM0147,399,20
INV0001648,LOC011,ITM0148,237,25
INV0001649,LOC011,ITM0149,356,20
INV0001650,LOC011,ITM0150,171,59
INV0001651,LOC012,ITM0001,366,86
INV0001652,LOC012,ITM0002,52,69
INV0001653,LOC012,ITM0003,463,98
INV0001654,LOC012,ITM0004,178,24
INV0001655,LOC012,ITM0005,134,45
INV0001656,LOC012,ITM0006,193,57
INV0001657,LOC012,ITM0007,187,73
INV0001658,LOC012,ITM0008,316,72
INV0001659,LOC012,ITM0009,361,56
INV0001660,LOC012,ITM0010,242,39
INV0001661,LOC012,ITM0011,59,21
INV0001662,LOC012,ITM0012,268,20
INV0001663,LOC012,ITM0013,459,94
INV0001664,LOC012,ITM0014,216,31
INV0001665,LOC012,ITM0015,399,86
INV0001666,LOC012,ITM0016,346,34
INV0001667,LOC012,ITM0017,436,49
INV0001668,LOC012,ITM0018,376,80
INV0001669,LOC012,ITM0019,324,47
INV0001670,LOC012,ITM0020,346,20
INV0001671,LOC012,ITM0021,166,25
INV0001672,LOC012,ITM0022,221,46
INV0001673,LOC012,ITM0023,492,52
INV0001674,LOC012,ITM0024,12,39
INV0001675,LOC012,ITM0025,299,29
INV0001676,LOC012,ITM0026,180,23
INV0001677,LOC012,ITM0027,212,61
INV0001678,LOC012,ITM0028,298,64
INV0001679,LOC012,ITM0029,24,49
INV0001680,LOC012,ITM0030,152,95
INV0001681,LOC012,ITM0031,293,20
INV0001682,LOC012,ITM0032,178,47
INV0001683,LOC012,ITM0033,462,72
INV0001684,LOC012,ITM0034,472,43
INV0001685,LOC012,ITM0035,161,38
INV0001686,LOC012,ITM0036,180,34
INV0001687,LOC012,ITM0037,178,45
INV0001688,LOC012,ITM0038,471,78
INV0001689,LOC012,ITM0039,262,73
INV0001690,LOC012,ITM0040,480,36
INV0001691,LOC012,ITM0041,262,83
INV0001692,LOC012,ITM0042,254,24
INV0001693,LOC012,ITM0043,490,81
INV0001694,LOC012,ITM0044,414,66
INV0001695,LOC012,ITM0045,464,56
INV0001696,LOC012,ITM0046,168,43
INV0001697,LOC012,ITM0047,230,57
INV0001698,LOC012,ITM0048,234,42
INV0001699,LOC012,ITM0049,298,86
INV0001700,LOC012,ITM0050,339,54
INV0001701,LOC012,ITM0051,209,66
INV0001702,LOC012,ITM0052,227,71
INV0001703,LOC012,ITM0053,67,44
INV0001704,LOC012,ITM0054,83,35
INV0001705,LOC012,ITM0055,246,25
INV0001706,LOC012,ITM0056,221,94
INV0001707,LOC012,ITM0057,309,48
INV0001708,LOC012,ITM0058,437,41
INV0001709,LOC012,ITM0059,305,98
INV0001710,LOC012,ITM0060,280,66
INV0001711,LOC012,ITM0061,205,95
INV0001712,LOC012,ITM0062,23,98
INV0001713,LOC012,ITM0063,176,77
INV0001714,LOC012,ITM0064,65,47
INV0001715,LOC012,ITM0065,495,23
INV0001716,LOC012,ITM0066,166,65
INV0001717,LOC012,ITM0067,153,84
INV0001718,LOC012,ITM0068,238,46
INV0001719,LOC012,ITM0069,410,99
INV0001720,LOC012,ITM0070,234,36
INV0001721,LOC012,ITM0071,480,77
INV0001722,LOC012,ITM0072,317,99
INV0001723,LOC012,ITM0073,65,33
INV0001724,LOC012,ITM0074,470,80
INV0001725,LOC012,ITM0075,114,32
INV0001726,LOC012,ITM0076,224,62
INV0001727,LOC012,ITM0077,482,73
INV0001728,LOC012,ITM0078,157,93
INV0001729,LOC012,ITM0079,302,32
INV0001730,LOC012,ITM0080,334,64
INV0001731,LOC012,ITM0081,203,82
INV0001732,LOC012,ITM0082,458,66
INV0001733,LOC012,ITM0083,460,87
INV0001734,LOC012,ITM0084,372,91
INV0001735,LOC012,ITM0085,377,43
INV0001736,LOC012,ITM0086,260,20
INV0001737,LOC012,ITM0087,228,64
INV0001738,LOC012,ITM0088,386,34
INV0001739,LOC012,ITM0089,13,45
INV0001740,LOC012,ITM0090,296,78
INV0001741,LOC012,ITM0091,495,56
INV0001742,LOC012,ITM0092,130,35
INV0001743,LOC012,ITM0093,195,98
INV0001744,LOC012,ITM0094,320,58
INV0001745,LOC012,ITM0095,275,95
INV0001746,LOC012,ITM0096,350,62
INV0001747,LOC012,ITM0097,158,52
INV0001748,LOC012,ITM0098,205,23
INV0001749,LOC012,ITM0099,270,22
INV0001750,LOC012,ITM0100,281,100
INV0001751,LOC012,ITM0101,30,37
INV0001752,LOC012,ITM0102,327,57
INV0001753,LOC012,ITM0103,332,90
INV0001754,LOC012,ITM0104,489,92
INV0001755,LOC012,ITM0105,252,67
INV0001756,LOC012,ITM0106,185,28
INV0001757,LOC012,ITM0107,200,39
INV0001758,LOC012,ITM0108,329,20
INV0001759,LOC012,ITM0109,158,79
INV0001760,LOC012,ITM0110,481,34
INV0001761,LOC012,ITM0111,443,82
INV0001762,LOC012,ITM0112,354,36
INV0001763,LOC012,ITM0113,422,32
INV0001764,LOC012,ITM0114,487,30
INV0001765,LOC012,ITM0115,177,95
INV0001766,LOC012,ITM0116,87,69
INV0001767,LOC012,ITM0117,444,62
INV0001768,LOC012,ITM0118,104,79
INV0001769,LOC012,ITM0119,203,79
INV0001770,LOC012,ITM0120,400,23
INV0001771,LOC012,ITM0121,68,36
INV0001772,LOC012,ITM0122,396,21
INV0001773,LOC012,ITM0123,346,36
INV0001774,LOC012,ITM0124,269,41
INV0001775,LOC012,ITM0125,326,60
INV0001776,LOC012,ITM0126,464,50
INV0001777,LOC012,ITM0127,225,49
INV0001778,LOC012,ITM0128,167,53
INV0001779,LOC012,ITM0129,490,84
INV0001780,LOC012,ITM0130,488,82
INV0001781,LOC012,ITM0131,446,31
INV0001782,LOC012,ITM0132,301,73
INV0001783,LOC012,ITM0133,286,73
INV0001784,LOC012,ITM0134,143,99
INV0001785,LOC012,ITM0135,51,98
INV0001786,LOC012,ITM0136,286,86
INV0001787,LOC012,ITM0137,70,40
INV0001788,LOC012,ITM0138,69,70
INV0001789,LOC012,ITM0139,240,70
INV0001790,LOC012,ITM0140,86,28
INV0001791,LOC012,ITM0141,439,54
INV0001792,LOC012,ITM0142,202,97
INV0001793,LOC012,ITM0143,209,55
INV0001794,LOC012,ITM0144,49,33
INV0001795,LOC012,ITM0145,39,92
INV0001796,LOC012,ITM0146,352,55
INV0001797,LOC012,ITM0147,49,89
INV0001798,LOC012,ITM0148,426,34
INV0001799,LOC012,ITM0149,339,71
INV0001800,LOC012,ITM0150,367,40
INV0001801,LOC013,ITM0001,155,69
INV0001802,LOC013,ITM0002,3,84
INV0001803,LOC013,ITM0003,407,38
INV0001804,LOC013,ITM0004,363,89
INV0001805,LOC013,ITM0005,432,75
INV0001806,LOC013,ITM0006,279,55
INV0001807,LOC013,ITM0007,41,23
INV0001808,LOC013,ITM0008,184,25
INV0001809,LOC013,ITM0009,285,73
INV0001810,LOC013,ITM0010,385,97
INV0001811,LOC013,ITM0011,332,93
INV0001812,LOC013,ITM0012,71,39
INV0001813,LOC013,ITM0013,146,38
INV0001814,LOC013,ITM0014,396,100
INV0001815,LOC013,ITM0015,291,73
INV0001816,LOC013,ITM0016,126,46
INV0001817,LOC013,ITM0017,221,52
INV0001818,LOC013,ITM0018,445,34
INV0001819,LOC013,ITM0019,459,93
INV0001820,LOC013,ITM0020,284,80
INV0001821,LOC013,ITM0021,429,34
INV0001822,LOC013,ITM0022,248,68
INV0001823,LOC013,ITM0023,73,95
INV0001824,LOC013,ITM0024,331,25
INV0001825,LOC013,ITM0025,42,22
INV0001826,LOC013,ITM0026,154,24
INV0001827,LOC013,ITM0027,82,36
INV0001828,LOC013,ITM0028,277,44
INV0001829,LOC013,ITM0029,158,86
INV0001830,LOC013,ITM0030,269,69
INV0001831,LOC013,ITM0031,356,69
INV0001832,LOC013,ITM0032,290,43
INV0001833,LOC013,ITM0033,360,91
INV0001834,LOC013,ITM0034,361,89
INV0001835,LOC013,ITM0035,211,33
INV0001836,LOC013,ITM0036,356,62
INV0001837,LOC013,ITM0037,457,58
INV0001838,LOC013,ITM0038,70,97
INV0001839,LOC013,ITM0039,256,51
INV0001840,LOC013,ITM0040,227,63
INV0001841,LOC013,ITM0041,346,70
INV0001842,LOC013,ITM0042,387,85
INV0001843,LOC013,ITM0043,165,64
INV0001844,LOC013,ITM0044,353,90
INV0001845,LOC013,ITM0045,293,73
INV0001846,LOC013,ITM0046,259,74
INV0001847,LOC013,ITM0047,183,69
INV0001848,LOC013,ITM0048,227,78
INV0001849,LOC013,ITM0049,374,91
INV0001850,LOC013,ITM0050,32,52
INV0001851,LOC013,ITM0051,393,76
INV0001852,LOC013,ITM0052,484,33
INV0001853,LOC013,ITM0053,264,52
INV0001854,LOC013,ITM0054,437,94
INV0001855,LOC013,ITM0055,351,81
INV0001856,LOC013,ITM0056,268,88
INV0001857,LOC013,ITM0057,354,86
INV0001858,LOC013,ITM0058,389,36
INV0001859,LOC013,ITM0059,115,89
INV0001860,LOC013,ITM0060,452,99
INV0001861,LOC013,ITM0061,96,27
INV0001862,LOC013,ITM0062,465,87
INV0001863,LOC013,ITM0063,174,96
INV0001864,LOC013,ITM0064,437,70
INV0001865,LOC013,ITM0065,483,64
INV0001866,LOC013,ITM0066,104,76
INV0001867,LOC013,ITM0067,195,91
INV0001868,LOC013,ITM0068,146,77
INV0001869,LOC013,ITM0069,268,99
INV0001870,LOC013,ITM0070,186,32
INV0001871,LOC013,ITM0071,176,90
INV0001872,LOC013,ITM0072,495,46
INV0001873,LOC013,ITM0073,35,66
INV0001874,LOC013,ITM0074,356,58
INV0001875,LOC013,ITM0075,76,20
INV0001876,LOC013,ITM0076,338,40
INV0001877,LOC013,ITM0077,4,93
INV0001878,LOC013,ITM0078,90,66
INV0001879,LOC013,ITM0079,162,92
INV0001880,LOC013,ITM0080,280,54
INV0001881,LOC013,ITM0081,59,30
INV0001882,LOC013,ITM0082,170,48
INV0001883,LOC013,ITM0083,434,72
INV0001884,LOC013,ITM0084,474,35
INV0001885,LOC013,ITM0085,81,51
INV0001886,LOC013,ITM0086,21,52
INV0001887,LOC013,ITM0087,103,100
INV0001888,LOC013,ITM0088,45,60
INV0001889,LOC013,ITM0089,26,94
INV0001890,LOC013,ITM0090,372,91
INV0001891,LOC013,ITM0091,27,77
INV0001892,LOC013,ITM0092,358,21
INV0001893,LOC013,ITM0093,487,21
INV0001894,LOC013,ITM0094,6,28
INV0001895,LOC013,ITM0095,233,70
INV0001896,LOC013,ITM0096,438,96
INV0001897,LOC013,ITM0097,344,63
INV0001898,LOC013,ITM0098,403,79
INV0001899,LOC013,ITM0099,38,28
INV0001900,LOC013,ITM0100,49,92
INV0001901,LOC013,ITM0101,483,77
INV0001902,LOC013,ITM0102,330,82
INV0001903,LOC013,ITM0103,37,100
INV0001904,LOC013,ITM0104,378,90
INV0001905,LOC013,ITM0105,284,89
INV0001906,LOC013,ITM0106,487,29
INV0001907,LOC013,ITM0107,311,65
INV0001908,LOC013,ITM0108,44,83
INV0001909,LOC013,ITM0109,476,47
INV0001910,LOC013,ITM0110,138,83
INV0001911,LOC013,ITM0111,455,23
INV0001912,LOC013,ITM0112,272,91
INV0001913,LOC013,ITM0113,155,33
INV0001914,LOC013,ITM0114,441,44
INV0001915,LOC013,ITM0115,200,74
INV0001916,LOC013,ITM0116,217,59
INV0001917,LOC013,ITM0117,292,90
INV0001918,LOC013,ITM0118,488,20
INV0001919,LOC013,ITM0119,266,43
INV0001920,LOC013,ITM0120,335,98
INV0001921,LOC013,ITM0121,279,98
INV0001922,LOC013,ITM0122,306,49
INV0001923,LOC013,ITM0123,484,98
INV0001924,LOC013,ITM0124,165,33
INV0001925,LOC013,ITM0125,155,67
INV0001926,LOC013,ITM0126,166,52
INV0001927,LOC013,ITM0127,365,31
INV0001928,LOC013,ITM0128,131,57
INV0001929,LOC013,ITM0129,157,80
INV0001930,LOC013,ITM0130,489,69
INV0001931,LOC013,ITM0131,27,71
INV0001932,LOC013,ITM0132,380,60
INV0001933,LOC013,ITM0133,413,61
INV0001934,LOC013,ITM0134,306,29
INV0001935,LOC013,ITM0135,201,42
INV0001936,LOC013,ITM0136,22,52
INV0001937,LOC013,ITM0137,2,86
INV0001938,LOC013,ITM0138,360,79
INV0001939,LOC013,ITM0139,203,33
INV0001940,LOC013,ITM0140,105,96
INV0001941,LOC013,ITM0141,1,53
INV0001942,LOC013,ITM0142,98,36
INV0001943,LOC013,ITM0143,115,57
INV0001944,LOC013,ITM0144,82,30
INV0001945,LOC013,ITM0145,75,92
INV0001946,LOC013,ITM0146,343,68
INV0001947,LOC013,ITM0147,66,91
INV0001948,LOC013,ITM0148,308,96
INV0001949,LOC013,ITM0149,23,39
INV0001950,LOC013,ITM0150,234,63
INV0001951,LOC014,ITM0001,32,25
INV0001952,LOC014,ITM0002,109,73
INV0001953,LOC014,ITM0003,134,89
INV0001954,LOC014,ITM0004,349,60
INV0001955,LOC014,ITM0005,0,28
INV0001956,LOC014,ITM0006,75,39
INV0001957,LOC014,ITM0007,374,85
INV0001958,LOC014,ITM0008,223,43
INV0001959,LOC014,ITM0009,417,39
INV0001960,LOC014,ITM0010,240,54
INV0001961,LOC014,ITM0011,66,76
INV0001962,LOC014,ITM0012,460,73
INV0001963,LOC014,ITM0013,494,75
INV0001964,LOC014,ITM0014,157,57
INV0001965,LOC014,ITM0015,193,53
INV0001966,LOC014,ITM0016,286,41
INV0001967,LOC014,ITM0017,59,100
INV0001968,LOC014,ITM0018,356,80
INV0001969,LOC014,ITM0019,411,99
INV0001970,LOC014,ITM0020,331,73
INV0001971,LOC014,ITM0021,208,49
INV0001972,LOC014,ITM0022,206,68
INV0001973,LOC014,ITM0023,416,80
INV0001974,LOC014,ITM0024,346,84
INV0001975,LOC014,ITM0025,321,26
INV0001976,LOC014,ITM0026,109,62
INV0001977,LOC014,ITM0027,171,92
INV0001978,LOC014,ITM0028,22,97
INV0001979,LOC014,ITM0029,166,95
INV0001980,LOC014,ITM0030,368,69
INV0001981,LOC014,ITM0031,284,96
INV0001982,LOC014,ITM0032,222,72
INV0001983,LOC014,ITM0033,126,26
INV0001984,LOC014,ITM0034,421,98
INV0001985,LOC014,ITM0035,497,87
INV0001986,LOC014,ITM0036,37,43
INV0001987,LOC014,ITM0037,412,96
INV0001988,LOC014,ITM0038,60,68
INV0001989,LOC014,ITM0039,131,48
INV0001990,LOC014,ITM0040,392,94
INV0001991,LOC014,ITM0041,35,45
INV0001992,LOC014,ITM0042,489,85
INV0001993,LOC014,ITM0043,199,43
INV0001994,LOC014,ITM0044,181,55
INV0001995,LOC014,ITM0045,325,45
INV0001996,LOC014,ITM0046,157,100
INV0001997,LOC014,ITM0047,274,49
INV0001998,LOC014,ITM0048,25,79
INV0001999,LOC014,ITM0049,372,20
INV0002000,LOC014,ITM0050,244,74
INV0002001,LOC014,ITM0051,156,77
INV0002002,LOC014,ITM0052,332,38
INV0002003,LOC014,ITM0053,425,89
INV0002004,LOC014,ITM0054,253,71
INV0002005,LOC014,ITM0055,288,38
INV0002006,LOC014,ITM0056,185,73
INV0002007,LOC014,ITM0057,278,50
INV0002008,LOC014,ITM0058,62,62
INV0002009,LOC014,ITM0059,314,74
INV0002010,LOC014,ITM0060,355,22
INV0002011,LOC014,ITM0061,423,99
INV0002012,LOC014,ITM0062,40,65
INV0002013,LOC014,ITM0063,280,94
INV0002014,LOC014,ITM0064,148,33
INV0002015,LOC014,ITM0065,322,88
INV0002016,LOC014,ITM0066,445,20
INV0002017,LOC014,ITM0067,139,67
INV0002018,LOC014,ITM0068,59,74
INV0002019,LOC014,ITM0069,9,64
INV0002020,LOC014,ITM0070,325,81
INV0002021,LOC014,ITM0071,142,41
INV0002022,LOC014,ITM0072,99,57
INV0002023,LOC014,ITM0073,408,42
INV0002024,LOC014,ITM0074,166,89
INV0002025,LOC014,ITM0075,316,38
INV0002026,LOC014,ITM0076,377,91
INV0002027,LOC014,ITM0077,78,34
INV0002028,LOC014,ITM0078,276,43
INV0002029,LOC014,ITM0079,355,48
INV0002030,LOC014,ITM0080,330,96
INV0002031,LOC014,ITM0081,163,33
INV0002032,LOC014,ITM0082,162,91
INV0002033,LOC014,ITM0083,356,88
INV0002034,LOC014,ITM0084,494,70
INV0002035,LOC014,ITM0085,42,96
INV0002036,LOC014,ITM0086,129,31
INV0002037,LOC014,ITM0087,22,42
INV0002038,LOC014,ITM0088,344,27
INV0002039,LOC014,ITM0089,284,80
INV0002040,LOC014,ITM0090,433,76
INV0002041,LOC014,ITM0091,335,86
INV0002042,LOC014,ITM0092,272,77
INV0002043,LOC014,ITM0093,483,80
INV0002044,LOC014,ITM0094,225,52
INV0002045,LOC014,ITM0095,237,20
INV0002046,LOC014,ITM0096,208,70
INV0002047,LOC014,ITM0097,90,22
INV0002048,LOC014,ITM0098,177,100
INV0002049,LOC014,ITM0099,366,78
INV0002050,LOC014,ITM0100,371,38
INV0002051,LOC014,ITM0101,16,93
INV0002052,LOC014,ITM0102,221,59
INV0002053,LOC014,ITM0103,62,27
INV0002054,LOC014,ITM0104,266,78
INV0002055,LOC014,ITM0105,217,85
INV0002056,LOC014,ITM0106,176,89
INV0002057,LOC014,ITM0107,274,51
INV0002058,LOC014,ITM0108,338,23
INV0002059,LOC014,ITM0109,476,33
INV0002060,LOC014,ITM0110,196,26
INV0002061,LOC014,ITM0111,295,70
INV0002062,LOC014,ITM0112,145,31
INV0002063,LOC014,ITM0113,20,66
INV0002064,LOC014,ITM0114,54,93
INV0002065,LOC014,ITM0115,294,75
INV0002066,LOC014,ITM0116,3,99
INV0002067,LOC014,ITM0117,10,59
INV0002068,LOC014,ITM0118,275,29
INV0002069,LOC014,ITM0119,408,61
INV0002070,LOC014,ITM0120,179,75
INV0002071,LOC014,ITM0121,128,98
INV0002072,LOC014,ITM0122,380,34
INV0002073,LOC014,ITM0123,457,76
INV0002074,LOC014,ITM0124,260,61
INV0002075,LOC014,ITM0125,47,37
INV0002076,LOC014,ITM0126,479,77
INV0002077,LOC014,ITM0127,344,52
INV0002078,LOC014,ITM0128,440,54
INV0002079,LOC014,ITM0129,411,24
INV0002080,LOC014,ITM0130,312,64
INV0002081,LOC014,ITM0131,283,45
INV0002082,LOC014,ITM0132,342,75
INV0002083,LOC014,ITM0133,100,59
INV0002084,LOC014,ITM0134,129,94
INV0002085,LOC014,ITM0135,369,27
INV0002086,LOC014,ITM0136,265,57
INV0002087,LOC014,ITM0137,81,83
INV0002088,LOC014,ITM0138,162,38
INV0002089,LOC014,ITM0139,332,61
INV0002090,LOC014,ITM0140,61,23
INV0002091,LOC014,ITM0141,144,56
INV0002092,LOC014,ITM0142,131,68
INV0002093,LOC014,ITM0143,255,74
INV0002094,LOC014,ITM0144,132,29
INV0002095,LOC014,ITM0145,44,27
INV0002096,LOC014,ITM0146,492,48
INV0002097,LOC014,ITM0147,160,61
INV0002098,LOC014,ITM0148,422,65
INV0002099,LOC014,ITM0149,209,38
INV0002100,LOC014,ITM0150,123,22
INV0002101,LOC015,ITM0001,40,41
INV0002102,LOC015,ITM0002,220,54
INV0002103,LOC015,ITM0003,146,41
INV0002104,LOC015,ITM0004,231,21
INV0002105,LOC015,ITM0005,169,65
INV0002106,LOC015,ITM0006,344,78
INV0002107,LOC015,ITM0007,67,34
INV0002108,LOC015,ITM0008,356,33
INV0002109,LOC015,ITM0009,1,42
INV0002110,LOC015,ITM0010,226,57
INV0002111,LOC015,ITM0011,285,88
INV0002112,LOC015,ITM0012,249,51
INV0002113,LOC015,ITM0013,336,64
INV0002114,LOC015,ITM0014,39,96
INV0002115,LOC015,ITM0015,425,88
INV0002116,LOC015,ITM0016,486,44
INV0002117,LOC015,ITM0017,493,93
INV0002118,LOC015,ITM0018,114,69
INV0002119,LOC015,ITM0019,335,100
INV0002120,LOC015,ITM0020,380,98
INV0002121,LOC015,ITM0021,404,62
INV0002122,LOC015,ITM0022,124,42
INV0002123,LOC015,ITM0023,458,62
INV0002124,LOC015,ITM0024,96,70
INV0002125,LOC015,ITM0025,455,60
INV0002126,LOC015,ITM0026,267,75
INV0002127,LOC015,ITM0027,142,72
INV0002128,LOC015,ITM0028,135,23
INV0002129,LOC015,ITM0029,113,93
INV0002130,LOC015,ITM0030,113,85
INV0002131,LOC015,ITM0031,32,84
INV0002132,LOC015,ITM0032,205,23
INV0002133,LOC015,ITM0033,140,75
INV0002134,LOC015,ITM0034,170,30
INV0002135,LOC015,ITM0035,42,57
INV0002136,LOC015,ITM0036,65,61
INV0002137,LOC015,ITM0037,9,63
INV0002138,LOC015,ITM0038,193,69
INV0002139,LOC015,ITM0039,11,42
INV0002140,LOC015,ITM0040,59,84
INV0002141,LOC015,ITM0041,46,80
INV0002142,LOC015,ITM0042,459,94
INV0002143,LOC015,ITM0043,84,34
INV0002144,LOC015,ITM0044,347,26
INV0002145,LOC015,ITM0045,216,99
INV0002146,LOC015,ITM0046,169,98
INV0002147,LOC015,ITM0047,87,87
INV0002148,LOC015,ITM0048,201,57
INV0002149,LOC015,ITM0049,37,85
INV0002150,LOC015,ITM0050,442,23
INV0002151,LOC015,ITM0051,133,22
INV0002152,LOC015,ITM0052,209,94
INV0002153,LOC015,ITM0053,498,38
INV0002154,LOC015,ITM0054,272,22
INV0002155,LOC015,ITM0055,261,57
INV0002156,LOC015,ITM0056,164,48
INV0002157,LOC015,ITM0057,46,48
INV0002158,LOC015,ITM0058,76,65
INV0002159,LOC015,ITM0059,471,50
INV0002160,LOC015,ITM0060,251,43
INV0002161,LOC015,ITM0061,269,73
INV0002162,LOC015,ITM0062,23,57
INV0002163,LOC015,ITM0063,464,81
INV0002164,LOC015,ITM0064,158,45
INV0002165,LOC015,ITM0065,323,21
INV0002166,LOC015,ITM0066,444,31
INV0002167,LOC015,ITM0067,495,79
INV0002168,LOC015,ITM0068,342,39
INV0002169,LOC015,ITM0069,375,42
INV0002170,LOC015,ITM0070,117,23
INV0002171,LOC015,ITM0071,282,37
INV0002172,LOC015,ITM0072,254,74
INV0002173,LOC015,ITM0073,267,50
INV0002174,LOC015,ITM0074,90,56
INV0002175,LOC015,ITM0075,393,89
INV0002176,LOC015,ITM0076,313,71
INV0002177,LOC015,ITM0077,261,75
INV0002178,LOC015,ITM0078,427,44
INV0002179,LOC015,ITM0079,335,21
INV0002180,LOC015,ITM0080,295,77
INV0002181,LOC015,ITM0081,148,65
INV0002182,LOC015,ITM0082,8,60
INV0002183,LOC015,ITM0083,354,37
INV0002184,LOC015,ITM0084,400,45
INV0002185,LOC015,ITM0085,383,34
INV0002186,LOC015,ITM0086,211,66
INV0002187,LOC015,ITM0087,196,76
INV0002188,LOC015,ITM0088,245,38
INV0002189,LOC015,ITM0089,462,79
INV0002190,LOC015,ITM0090,160,28
INV0002191,LOC015,ITM0091,414,39
INV0002192,LOC015,ITM0092,171,53
INV0002193,LOC015,ITM0093,189,72
INV0002194,LOC015,ITM0094,159,75
INV0002195,LOC015,ITM0095,374,97
INV0002196,LOC015,ITM0096,128,60
INV0002197,LOC015,ITM0097,283,90
INV0002198,LOC015,ITM0098,263,33
INV0002199,LOC015,ITM0099,147,85
INV0002200,LOC015,ITM0100,90,31
INV0002201,LOC015,ITM0101,6,65
INV0002202,LOC015,ITM0102,330,59
INV0002203,LOC015,ITM0103,61,40
INV0002204,LOC015,ITM0104,204,58
INV0002205,LOC015,ITM0105,206,79
INV0002206,LOC015,ITM0106,95,32
INV0002207,LOC015,ITM0107,284,75
INV0002208,LOC015,ITM0108,22,53
INV0002209,LOC015,ITM0109,475,28
INV0002210,LOC015,ITM0110,62,35
INV0002211,LOC015,ITM0111,299,88
INV0002212,LOC015,ITM0112,320,99
INV0002213,LOC015,ITM0113,389,27
INV0002214,LOC015,ITM0114,61,74
INV0002215,LOC015,ITM0115,499,73
INV0002216,LOC015,ITM0116,481,87
INV0002217,LOC015,ITM0117,490,64
INV0002218,LOC015,ITM0118,54,28
INV0002219,LOC015,ITM0119,373,56
INV0002220,LOC015,ITM0120,447,75
INV0002221,LOC015,ITM0121,351,38
INV0002222,LOC015,ITM0122,170,94
INV0002223,LOC015,ITM0123,6,40
INV0002224,LOC015,ITM0124,326,70
INV0002225,LOC015,ITM0125,480,84
INV0002226,LOC015,ITM0126,357,100
INV0002227,LOC015,ITM0127,286,90
INV0002228,LOC015,ITM0128,354,84
INV0002229,LOC015,ITM0129,103,61
INV0002230,LOC015,ITM0130,180,83
INV0002231,LOC015,ITM0131,370,56
INV0002232,LOC015,ITM0132,424,50
INV0002233,LOC015,ITM0133,61,60
INV0002234,LOC015,ITM0134,62,75
INV0002235,LOC015,ITM0135,199,35
INV0002236,LOC015,ITM0136,325,70
INV0002237,LOC015,ITM0137,452,94
INV0002238,LOC015,ITM0138,420,41
INV0002239,LOC015,ITM0139,205,40
INV0002240,LOC015,ITM0140,175,34
INV0002241,LOC015,ITM0141,12,83
INV0002242,LOC015,ITM0142,109,94
INV0002243,LOC015,ITM0143,140,32
INV0002244,LOC015,ITM0144,456,88
INV0002245,LOC015,ITM0145,478,32
INV0002246,LOC015,ITM0146,497,39
INV0002247,LOC015,ITM0147,399,93
INV0002248,LOC015,ITM0148,323,81
INV0002249,LOC015,ITM0149,203,90
INV0002250,LOC015,ITM0150,468,97
INV0002251,LOC016,ITM0001,244,50
INV0002252,LOC016,ITM0002,499,66
INV0002253,LOC016,ITM0003,109,96
INV0002254,LOC016,ITM0004,480,47
INV0002255,LOC016,ITM0005,389,40
INV0002256,LOC016,ITM0006,128,42
INV0002257,LOC016,ITM0007,324,95
INV0002258,LOC016,ITM0008,447,26
INV0002259,LOC016,ITM0009,74,27
INV0002260,LOC016,ITM0010,25,99
INV0002261,LOC016,ITM0011,332,52
INV0002262,LOC016,ITM0012,178,98
INV0002263,LOC016,ITM0013,98,89
INV0002264,LOC016,ITM0014,295,100
INV0002265,LOC016,ITM0015,220,21
INV0002266,LOC016,ITM0016,107,20
INV0002267,LOC016,ITM0017,305,35
INV0002268,LOC016,ITM0018,102,53
INV0002269,LOC016,ITM0019,117,71
INV0002270,LOC016,ITM0020,31,60
INV0002271,LOC016,ITM0021,193,29
INV0002272,LOC016,ITM0022,26,53
INV0002273,LOC016,ITM0023,467,23
INV0002274,LOC016,ITM0024,148,29
INV0002275,LOC016,ITM0025,335,75
INV0002276,LOC016,ITM0026,294,25
INV0002277,LOC016,ITM0027,159,91
INV0002278,LOC016,ITM0028,370,81
INV0002279,LOC016,ITM0029,259,20
INV0002280,LOC016,ITM0030,443,86
INV0002281,LOC016,ITM0031,296,91
INV0002282,LOC016,ITM0032,484,22
INV0002283,LOC016,ITM0033,3,86
INV0002284,LOC016,ITM0034,255,27
INV0002285,LOC016,ITM0035,324,32
INV0002286,LOC016,ITM0036,427,31
INV0002287,LOC016,ITM0037,387,34
INV0002288,LOC016,ITM0038,396,34
INV0002289,LOC016,ITM0039,155,23
INV0002290,LOC016,ITM0040,381,93
INV0002291,LOC016,ITM0041,344,39
INV0002292,LOC016,ITM0042,256,21
INV0002293,LOC016,ITM0043,303,99
INV0002294,LOC016,ITM0044,362,73
INV0002295,LOC016,ITM0045,191,50
INV0002296,LOC016,ITM0046,410,82
INV0002297,LOC016,ITM0047,191,78
INV0002298,LOC016,ITM0048,185,61
INV0002299,LOC016,ITM0049,103,75
INV0002300,LOC016,ITM0050,161,38
INV0002301,LOC016,ITM0051,52,48
INV0002302,LOC016,ITM0052,43,80
INV0002303,LOC016,ITM0053,246,29
INV0002304,LOC016,ITM0054,294,60
INV0002305,LOC016,ITM0055,410,75
INV0002306,LOC016,ITM0056,41,47
INV0002307,LOC016,ITM0057,260,46
INV0002308,LOC016,ITM0058,276,22
INV0002309,LOC016,ITM0059,95,90
INV0002310,LOC016,ITM0060,174,50
INV0002311,LOC016,ITM0061,271,85
INV0002312,LOC016,ITM0062,96,33
INV0002313,LOC016,ITM0063,81,85
INV0002314,LOC016,ITM0064,114,25
INV0002315,LOC016,ITM0065,242,52
INV0002316,LOC016,ITM0066,180,93
INV0002317,LOC016,ITM0067,222,35
INV0002318,LOC016,ITM0068,403,50
INV0002319,LOC016,ITM0069,136,54
INV0002320,LOC016,ITM0070,465,72
INV0002321,LOC016,ITM0071,283,50
INV0002322,LOC016,ITM0072,461,80
INV0002323,LOC016,ITM0073,284,71
INV0002324,LOC016,ITM0074,286,54
INV0002325,LOC016,ITM0075,293,100
INV0002326,LOC016,ITM0076,419,89
INV0002327,LOC016,ITM0077,196,32
INV0002328,LOC016,ITM0078,148,27
INV0002329,LOC016,ITM0079,63,99
INV0002330,LOC016,ITM0080,449,31
INV0002331,LOC016,ITM0081,59,74
INV0002332,LOC016,ITM0082,22,37
INV0002333,LOC016,ITM0083,431,64
INV0002334,LOC016,ITM0084,203,88
INV0002335,LOC016,ITM0085,136,30
INV0002336,LOC016,ITM0086,201,52
INV0002337,LOC016,ITM0087,128,98
INV0002338,LOC016,ITM0088,220,59
INV0002339,LOC016,ITM0089,51,98
INV0002340,LOC016,ITM0090,258,28
INV0002341,LOC016,ITM0091,490,87
INV0002342,LOC016,ITM0092,480,95
INV0002343,LOC016,ITM0093,273,94
INV0002344,LOC016,ITM0094,183,81
INV0002345,LOC016,ITM0095,53,76
INV0002346,LOC016,ITM0096,208,57
INV0002347,LOC016,ITM0097,171,49
INV0002348,LOC016,ITM0098,162,60
INV0002349,LOC016,ITM0099,234,94
INV0002350,LOC016,ITM0100,247,50
INV0002351,LOC016,ITM0101,394,46
INV0002352,LOC016,ITM0102,209,37
INV0002353,LOC016,ITM0103,177,63
INV0002354,LOC016,ITM0104,434,49
INV0002355,LOC016,ITM0105,57,86
INV0002356,LOC016,ITM0106,201,68
INV0002357,LOC016,ITM0107,146,40
INV0002358,LOC016,ITM0108,473,85
INV0002359,LOC016,ITM0109,31,97
INV0002360,LOC016,ITM0110,452,21
INV0002361,LOC016,ITM0111,168,52
INV0002362,LOC016,ITM0112,299,69
INV0002363,LOC016,ITM0113,243,66
INV0002364,LOC016,ITM0114,304,29
INV0002365,LOC016,ITM0115,474,27
INV0002366,LOC016,ITM0116,274,92
INV0002367,LOC016,ITM0117,317,92
INV0002368,LOC016,ITM0118,268,35
INV0002369,LOC016,ITM0119,182,29
INV0002370,LOC016,ITM0120,86,89
INV0002371,LOC016,ITM0121,260,56
INV0002372,LOC016,ITM0122,311,47
INV0002373,LOC016,ITM0123,119,38
INV0002374,LOC016,ITM0124,320,26
INV0002375,LOC016,ITM0125,237,88
INV0002376,LOC016,ITM0126,0,58
INV0002377,LOC016,ITM0127,204,75
INV0002378,LOC016,ITM0128,314,74
INV0002379,LOC016,ITM0129,4,36
INV0002380,LOC016,ITM0130,401,21
INV0002381,LOC016,ITM0131,263,20
INV0002382,LOC016,ITM0132,494,82
INV0002383,LOC016,ITM0133,41,71
INV0002384,LOC016,ITM0134,148,94
INV0002385,LOC016,ITM0135,370,95
INV0002386,LOC016,ITM0136,397,34
INV0002387,LOC016,ITM0137,238,58
INV0002388,LOC016,ITM0138,102,96
INV0002389,LOC016,ITM0139,186,83
INV0002390,LOC016,ITM0140,256,42
INV0002391,LOC016,ITM0141,486,51
INV0002392,LOC016,ITM0142,110,65
INV0002393,LOC016,ITM0143,6,70
INV0002394,LOC016,ITM0144,397,47
INV0002395,LOC016,ITM0145,177,65
INV0002396,LOC016,ITM0146,317,29
INV0002397,LOC016,ITM0147,154,96
INV0002398,LOC016,ITM0148,483,32
INV0002399,LOC016,ITM0149,45,44
INV0002400,LOC016,ITM0150,200,65
INV0002401,LOC017,ITM0001,75,39
INV0002402,LOC017,ITM0002,138,21
INV0002403,LOC017,ITM0003,402,63
INV0002404,LOC017,ITM0004,447,66
INV0002405,LOC017,ITM0005,257,56
INV0002406,LOC017,ITM0006,401,98
INV0002407,LOC017,ITM0007,59,30
INV0002408,LOC017,ITM0008,164,90
INV0002409,LOC017,ITM0009,345,78
INV0002410,LOC017,ITM0010,38,58
INV0002411,LOC017,ITM0011,456,81
INV0002412,LOC017,ITM0012,182,82
INV0002413,LOC017,ITM0013,19,26
INV0002414,LOC017,ITM0014,434,86
INV0002415,LOC017,ITM0015,451,94
INV0002416,LOC017,ITM0016,354,32
INV0002417,LOC017,ITM0017,343,25
INV0002418,LOC017,ITM0018,425,51
INV0002419,LOC017,ITM0019,186,44
INV0002420,LOC017,ITM0020,150,38
INV0002421,LOC017,ITM0021,7,20
INV0002422,LOC017,ITM0022,498,88
INV0002423,LOC017,ITM0023,254,69
INV0002424,LOC017,ITM0024,21,38
INV0002425,LOC017,ITM0025,105,49
INV0002426,LOC017,ITM0026,154,69
INV0002427,LOC017,ITM0027,191,41
INV0002428,LOC017,ITM0028,409,21
INV0002429,LOC017,ITM0029,106,78
INV0002430,LOC017,ITM0030,393,39
INV0002431,LOC017,ITM0031,127,74
INV0002432,LOC017,ITM0032,66,41
INV0002433,LOC017,ITM0033,157,28
INV0002434,LOC017,ITM0034,355,99
INV0002435,LOC017,ITM0035,177,61
INV0002436,LOC017,ITM0036,31,38
INV0002437,LOC017,ITM0037,349,57
INV0002438,LOC017,ITM0038,211,30
INV0002439,LOC017,ITM0039,387,69
INV0002440,LOC017,ITM0040,253,72
INV0002441,LOC017,ITM0041,453,51
INV0002442,LOC017,ITM0042,470,84
INV0002443,LOC017,ITM0043,152,57
INV0002444,LOC017,ITM0044,209,51
INV0002445,LOC017,ITM0045,248,100
INV0002446,LOC017,ITM0046,14,100
INV0002447,LOC017,ITM0047,227,46
INV0002448,LOC017,ITM0048,56,20
INV0002449,LOC017,ITM0049,465,59
INV0002450,LOC017,ITM0050,247,29
INV0002451,LOC017,ITM0051,255,34
INV0002452,LOC017,ITM0052,187,65
INV0002453,LOC017,ITM0053,67,45
INV0002454,LOC017,ITM0054,434,37
INV0002455,LOC017,ITM0055,454,23
INV0002456,LOC017,ITM0056,55,35
INV0002457,LOC017,ITM0057,76,47
INV0002458,LOC017,ITM0058,490,28
INV0002459,LOC017,ITM0059,286,70
INV0002460,LOC017,ITM0060,448,73
INV0002461,LOC017,ITM0061,342,34
INV0002462,LOC017,ITM0062,263,64
INV0002463,LOC017,ITM0063,74,74
INV0002464,LOC017,ITM0064,10,97
INV0002465,LOC017,ITM0065,354,61
INV0002466,LOC017,ITM0066,156,76
INV0002467,LOC017,ITM0067,403,55
INV0002468,LOC017,ITM0068,197,74
INV0002469,LOC017,ITM0069,89,70
INV0002470,LOC017,ITM0070,320,73
INV0002471,LOC017,ITM0071,327,41
INV0002472,LOC017,ITM0072,214,23
INV0002473,LOC017,ITM0073,361,79
INV0002474,LOC017,ITM0074,409,59
INV0002475,LOC017,ITM0075,278,52
INV0002476,LOC017,ITM0076,1,56
INV0002477,LOC017,ITM0077,317,32
INV0002478,LOC017,ITM0078,399,45
INV0002479,LOC017,ITM0079,42,95
INV0002480,LOC017,ITM0080,391,95
INV0002481,LOC017,ITM0081,404,46
INV0002482,LOC017,ITM0082,45,34
INV0002483,LOC017,ITM0083,441,74
INV0002484,LOC017,ITM0084,230,50
INV0002485,LOC017,ITM0085,447,49
INV0002486,LOC017,ITM0086,94,21
INV0002487,LOC017,ITM0087,107,73
INV0002488,LOC017,ITM0088,453,32
INV0002489,LOC017,ITM0089,203,55
INV0002490,LOC017,ITM0090,363,76
INV0002491,LOC017,ITM0091,12,98
INV0002492,LOC017,ITM0092,38,22
INV0002493,LOC017,ITM0093,219,35
INV0002494,LOC017,ITM0094,337,35
INV0002495,LOC017,ITM0095,426,41
INV0002496,LOC017,ITM0096,300,94
INV0002497,LOC017,ITM0097,228,54
INV0002498,LOC017,ITM0098,452,51
INV0002499,LOC017,ITM0099,452,25
INV0002500,LOC017,ITM0100,441,69
INV0002501,LOC017,ITM0101,299,46
INV0002502,LOC017,ITM0102,158,97
INV0002503,LOC017,ITM0103,59,54
INV0002504,LOC017,ITM0104,186,77
INV0002505,LOC017,ITM0105,313,65
INV0002506,LOC017,ITM0106,285,72
INV0002507,LOC017,ITM0107,283,79
INV0002508,LOC017,ITM0108,440,64
INV0002509,LOC017,ITM0109,61,95
INV0002510,LOC017,ITM0110,288,93
INV0002511,LOC017,ITM0111,487,54
INV0002512,LOC017,ITM0112,449,42
INV0002513,LOC017,ITM0113,125,83
INV0002514,LOC017,ITM0114,34,80
INV0002515,LOC017,ITM0115,409,63
INV0002516,LOC017,ITM0116,51,59
INV0002517,LOC017,ITM0117,498,31
INV0002518,LOC017,ITM0118,360,97
INV0002519,LOC017,ITM0119,69,80
INV0002520,LOC017,ITM0120,218,26
INV0002521,LOC017,ITM0121,402,33
INV0002522,LOC017,ITM0122,400,25
INV0002523,LOC017,ITM0123,41,23
INV0002524,LOC017,ITM0124,30,39
INV0002525,LOC017,ITM0125,210,40
INV0002526,LOC017,ITM0126,295,32
INV0002527,LOC017,ITM0127,56,91
INV0002528,LOC017,ITM0128,205,74
INV0002529,LOC017,ITM0129,342,76
INV0002530,LOC017,ITM0130,418,93
INV0002531,LOC017,ITM0131,227,60
INV0002532,LOC017,ITM0132,335,74
INV0002533,LOC017,ITM0133,200,88
INV0002534,LOC017,ITM0134,135,74
INV0002535,LOC017,ITM0135,152,28
INV0002536,LOC017,ITM0136,383,59
INV0002537,LOC017,ITM0137,4,73
INV0002538,LOC017,ITM0138,500,23
INV0002539,LOC017,ITM0139,230,36
INV0002540,LOC017,ITM0140,40,93
INV0002541,LOC017,ITM0141,136,99
INV0002542,LOC017,ITM0142,101,31
INV0002543,LOC017,ITM0143,490,62
INV0002544,LOC017,ITM0144,467,62
INV0002545,LOC017,ITM0145,272,89
INV0002546,LOC017,ITM0146,189,64
INV0002547,LOC017,ITM0147,167,31
INV0002548,LOC017,ITM0148,46,65
INV0002549,LOC017,ITM0149,305,53
INV0002550,LOC017,ITM0150,166,73
INV0002551,LOC018,ITM0001,263,61
INV0002552,LOC018,ITM0002,275,42
INV0002553,LOC018,ITM0003,305,89
INV0002554,LOC018,ITM0004,276,56
INV0002555,LOC018,ITM0005,35,84
INV0002556,LOC018,ITM0006,7,30
INV0002557,LOC018,ITM0007,65,29
INV0002558,LOC018,ITM0008,171,63
INV0002559,LOC018,ITM0009,255,22
INV0002560,LOC018,ITM0010,137,75
INV0002561,LOC018,ITM0011,485,88
INV0002562,LOC018,ITM0012,430,61
INV0002563,LOC018,ITM0013,438,62
INV0002564,LOC018,ITM0014,9,79
INV0002565,LOC018,ITM0015,195,48
INV0002566,LOC018,ITM0016,104,38
INV0002567,LOC018,ITM0017,478,46
INV0002568,LOC018,ITM0018,444,72
INV0002569,LOC018,ITM0019,289,51
INV0002570,LOC018,ITM0020,321,78
INV0002571,LOC018,ITM0021,9,83
INV0002572,LOC018,ITM0022,224,25
INV0002573,LOC018,ITM0023,245,47
INV0002574,LOC018,ITM0024,395,40
INV0002575,LOC018,ITM0025,372,59
INV0002576,LOC018,ITM0026,283,25
INV0002577,LOC018,ITM0027,276,40
INV0002578,LOC018,ITM0028,185,44
INV0002579,LOC018,ITM0029,280,76
INV0002580,LOC018,ITM0030,68,26
INV0002581,LOC018,ITM0031,332,30
INV0002582,LOC018,ITM0032,322,54
INV0002583,LOC018,ITM0033,254,96
INV0002584,LOC018,ITM0034,146,60
INV0002585,LOC018,ITM0035,235,46
INV0002586,LOC018,ITM0036,139,92
INV0002587,LOC018,ITM0037,23,54
INV0002588,LOC018,ITM0038,231,22
INV0002589,LOC018,ITM0039,425,22
INV0002590,LOC018,ITM0040,4,67
INV0002591,LOC018,ITM0041,199,61
INV0002592,LOC018,ITM0042,325,78
INV0002593,LOC018,ITM0043,298,28
INV0002594,LOC018,ITM0044,243,41
INV0002595,LOC018,ITM0045,18,32
INV0002596,LOC018,ITM0046,225,35
INV0002597,LOC018,ITM0047,31,45
INV0002598,LOC018,ITM0048,32,29
INV0002599,LOC018,ITM0049,350,67
INV0002600,LOC018,ITM0050,494,35
INV0002601,LOC018,ITM0051,83,82
INV0002602,LOC018,ITM0052,437,80
INV0002603,LOC018,ITM0053,9,41
INV0002604,LOC018,ITM0054,312,41
INV0002605,LOC018,ITM0055,493,62
INV0002606,LOC018,ITM0056,170,41
INV0002607,LOC018,ITM0057,71,77
INV0002608,LOC018,ITM0058,486,36
INV0002609,LOC018,ITM0059,193,54
INV0002610,LOC018,ITM0060,392,24
INV0002611,LOC018,ITM0061,462,31
INV0002612,LOC018,ITM0062,51,25
INV0002613,LOC018,ITM0063,402,58
INV0002614,LOC018,ITM0064,351,37
INV0002615,LOC018,ITM0065,41,98
INV0002616,LOC018,ITM0066,488,49
INV0002617,LOC018,ITM0067,82,52
INV0002618,LOC018,ITM0068,386,70
INV0002619,LOC018,ITM0069,364,52
INV0002620,LOC018,ITM0070,365,39
INV0002621,LOC018,ITM0071,73,67
INV0002622,LOC018,ITM0072,42,77
INV0002623,LOC018,ITM0073,377,20
INV0002624,LOC018,ITM0074,79,53
INV0002625,LOC018,ITM0075,194,28
INV0002626,LOC018,ITM0076,192,24
INV0002627,LOC018,ITM0077,324,21
INV0002628,LOC018,ITM0078,83,29
INV0002629,LOC018,ITM0079,215,36
INV0002630,LOC018,ITM0080,198,25
INV0002631,LOC018,ITM0081,437,88
INV0002632,LOC018,ITM0082,10,46
INV0002633,LOC018,ITM0083,176,55
INV0002634,LOC018,ITM0084,184,82
INV0002635,LOC018,ITM0085,140,58
INV0002636,LOC018,ITM0086,486,56
INV0002637,LOC018,ITM0087,437,56
INV0002638,LOC018,ITM0088,56,76
INV0002639,LOC018,ITM0089,162,73
INV0002640,LOC018,ITM0090,294,43
INV0002641,LOC018,ITM0091,348,58
INV0002642,LOC018,ITM0092,147,100
INV0002643,LOC018,ITM0093,97,84
INV0002644,LOC018,ITM0094,56,74
INV0002645,LOC018,ITM0095,347,74
INV0002646,LOC018,ITM0096,256,71
INV0002647,LOC018,ITM0097,413,63
INV0002648,LOC018,ITM0098,500,23
INV0002649,LOC018,ITM0099,101,79
INV0002650,LOC018,ITM0100,211,84
INV0002651,LOC018,ITM0101,447,93
INV0002652,LOC018,ITM0102,22,91
INV0002653,LOC018,ITM0103,55,55
INV0002654,LOC018,ITM0104,351,43
INV0002655,LOC018,ITM0105,129,83
INV0002656,LOC018,ITM0106,405,37
INV0002657,LOC018,ITM0107,390,34
INV0002658,LOC018,ITM0108,170,41
INV0002659,LOC018,ITM0109,31,58
INV0002660,LOC018,ITM0110,32,53
INV0002661,LOC018,ITM0111,496,76
INV0002662,LOC018,ITM0112,32,65
INV0002663,LOC018,ITM0113,405,67
INV0002664,LOC018,ITM0114,93,29
INV0002665,LOC018,ITM0115,100,81
INV0002666,LOC018,ITM0116,20,78
INV0002667,LOC018,ITM0117,440,21
INV0002668,LOC018,ITM0118,302,74
INV0002669,LOC018,ITM0119,89,79
INV0002670,LOC018,ITM0120,344,37
INV0002671,LOC018,ITM0121,321,67
INV0002672,LOC018,ITM0122,436,69
INV0002673,LOC018,ITM0123,82,39
INV0002674,LOC018,ITM0124,327,55
INV0002675,LOC018,ITM0125,58,87
INV0002676,LOC018,ITM0126,22,66
INV0002677,LOC018,ITM0127,263,82
INV0002678,LOC018,ITM0128,311,71
INV0002679,LOC018,ITM0129,229,22
INV0002680,LOC018,ITM0130,299,36
INV0002681,LOC018,ITM0131,474,20
INV0002682,LOC018,ITM0132,226,96
INV0002683,LOC018,ITM0133,272,97
INV0002684,LOC018,ITM0134,333,74
INV0002685,LOC018,ITM0135,77,83
INV0002686,LOC018,ITM0136,190,20
INV0002687,LOC018,ITM0137,220,79
INV0002688,LOC018,ITM0138,211,81
INV0002689,LOC018,ITM0139,408,56
INV0002690,LOC018,ITM0140,144,95
INV0002691,LOC018,ITM0141,344,27
INV0002692,LOC018,ITM0142,84,71
INV0002693,LOC018,ITM0143,105,73
INV0002694,LOC018,ITM0144,468,98
INV0002695,LOC018,ITM0145,183,87
INV0002696,LOC018,ITM0146,286,55
INV0002697,LOC018,ITM0147,113,55
INV0002698,LOC018,ITM0148,234,50
INV0002699,LOC018,ITM0149,364,24
INV0002700,LOC018,ITM0150,354,56
INV0002701,LOC019,ITM0001,261,41
INV0002702,LOC019,ITM0002,311,55
INV0002703,LOC019,ITM0003,465,30
INV0002704,LOC019,ITM0004,209,88
INV0002705,LOC019,ITM0005,320,77
INV0002706,LOC019,ITM0006,249,37
INV0002707,LOC019,ITM0007,94,26
INV0002708,LOC019,ITM0008,29,42
INV0002709,LOC019,ITM0009,456,54
INV0002710,LOC019,ITM0010,171,45
INV0002711,LOC019,ITM0011,91,70
INV0002712,LOC019,ITM0012,323,93
INV0002713,LOC019,ITM0013,198,60
INV0002714,LOC019,ITM0014,85,81
INV0002715,LOC019,ITM0015,264,46
INV0002716,LOC019,ITM0016,87,75
INV0002717,LOC019,ITM0017,352,39
INV0002718,LOC019,ITM0018,400,82
INV0002719,LOC019,ITM0019,364,32
INV0002720,LOC019,ITM0020,119,89
INV0002721,LOC019,ITM0021,141,85
INV0002722,LOC019,ITM0022,328,47
INV0002723,LOC019,ITM0023,363,93
INV0002724,LOC019,ITM0024,468,28
INV0002725,LOC019,ITM0025,372,27
INV0002726,LOC019,ITM0026,417,81
INV0002727,LOC019,ITM0027,354,82
INV0002728,LOC019,ITM0028,413,43
INV0002729,LOC019,ITM0029,218,70
INV0002730,LOC019,ITM0030,225,99
INV0002731,LOC019,ITM0031,493,92
INV0002732,LOC019,ITM0032,212,49
INV0002733,LOC019,ITM0033,124,92
INV0002734,LOC019,ITM0034,326,82
INV0002735,LOC019,ITM0035,255,41
INV0002736,LOC019,ITM0036,499,26
INV0002737,LOC019,ITM0037,338,37
INV0002738,LOC019,ITM0038,45,88
INV0002739,LOC019,ITM0039,30,97
INV0002740,LOC019,ITM0040,160,65
INV0002741,LOC019,ITM0041,123,99
INV0002742,LOC019,ITM0042,396,98
INV0002743,LOC019,ITM0043,62,82
INV0002744,LOC019,ITM0044,446,80
INV0002745,LOC019,ITM0045,332,55
INV0002746,LOC019,ITM0046,404,74
INV0002747,LOC019,ITM0047,166,90
INV0002748,LOC019,ITM0048,97,37
INV0002749,LOC019,ITM0049,439,40
INV0002750,LOC019,ITM0050,294,23
INV0002751,LOC019,ITM0051,232,77
INV0002752,LOC019,ITM0052,298,60
INV0002753,LOC019,ITM0053,421,27
INV0002754,LOC019,ITM0054,426,59
INV0002755,LOC019,ITM0055,42,92
INV0002756,LOC019,ITM0056,168,94
INV0002757,LOC019,ITM0057,84,28
INV0002758,LOC019,ITM0058,499,78
INV0002759,LOC019,ITM0059,283,85
INV0002760,LOC019,ITM0060,416,54
INV0002761,LOC019,ITM0061,165,72
INV0002762,LOC019,ITM0062,207,49
INV0002763,LOC019,ITM0063,430,58
INV0002764,LOC019,ITM0064,249,99
INV0002765,LOC019,ITM0065,19,71
INV0002766,LOC019,ITM0066,286,85
INV0002767,LOC019,ITM0067,317,93
INV0002768,LOC019,ITM0068,456,66
INV0002769,LOC019,ITM0069,301,52
INV0002770,LOC019,ITM0070,449,55
INV0002771,LOC019,ITM0071,248,30
INV0002772,LOC019,ITM0072,7,44
INV0002773,LOC019,ITM0073,460,25
INV0002774,LOC019,ITM0074,432,40
INV0002775,LOC019,ITM0075,142,38
INV0002776,LOC019,ITM0076,205,56
INV0002777,LOC019,ITM0077,76,39
INV0002778,LOC019,ITM0078,347,95
INV0002779,LOC019,ITM0079,27,46
INV0002780,LOC019,ITM0080,442,31
INV0002781,LOC019,ITM0081,444,88
INV0002782,LOC019,ITM0082,491,99
INV0002783,LOC019,ITM0083,138,93
INV0002784,LOC019,ITM0084,63,82
INV0002785,LOC019,ITM0085,152,47
INV0002786,LOC019,ITM0086,406,20
INV0002787,LOC019,ITM0087,279,44
INV0002788,LOC019,ITM0088,476,39
INV0002789,LOC019,ITM0089,41,67
INV0002790,LOC019,ITM0090,438,46
INV0002791,LOC019,ITM0091,150,63
INV0002792,LOC019,ITM0092,417,73
INV0002793,LOC019,ITM0093,394,40
INV0002794,LOC019,ITM0094,86,78
INV0002795,LOC019,ITM0095,492,77
INV0002796,LOC019,ITM0096,77,95
INV0002797,LOC019,ITM0097,26,47
INV0002798,LOC019,ITM0098,494,46
INV0002799,LOC019,ITM0099,294,24
INV0002800,LOC019,ITM0100,269,42
INV0002801,LOC019,ITM0101,76,46
INV0002802,LOC019,ITM0102,434,79
INV0002803,LOC019,ITM0103,422,35
INV0002804,LOC019,ITM0104,352,39
INV0002805,LOC019,ITM0105,336,48
INV0002806,LOC019,ITM0106,460,70
INV0002807,LOC019,ITM0107,478,52
INV0002808,LOC019,ITM0108,187,71
INV0002809,LOC019,ITM0109,390,69
INV0002810,LOC019,ITM0110,490,62
INV0002811,LOC019,ITM0111,351,46
INV0002812,LOC019,ITM0112,130,51
INV0002813,LOC019,ITM0113,47,86
INV0002814,LOC019,ITM0114,378,75
INV0002815,LOC019,ITM0115,308,77
INV0002816,LOC019,ITM0116,115,56
INV0002817,LOC019,ITM0117,164,73
INV0002818,LOC019,ITM0118,27,84
INV0002819,LOC019,ITM0119,327,73
INV0002820,LOC019,ITM0120,371,60
INV0002821,LOC019,ITM0121,81,29
INV0002822,LOC019,ITM0122,172,87
INV0002823,LOC019,ITM0123,298,84
INV0002824,LOC019,ITM0124,151,46
INV0002825,LOC019,ITM0125,381,83
INV0002826,LOC019,ITM0126,182,39
INV0002827,LOC019,ITM0127,126,53
INV0002828,LOC019,ITM0128,36,46
INV0002829,LOC019,ITM0129,334,95
INV0002830,LOC019,ITM0130,451,58
INV0002831,LOC019,ITM0131,447,26
INV0002832,LOC019,ITM0132,498,57
INV0002833,LOC019,ITM0133,292,30
INV0002834,LOC019,ITM0134,78,77
INV0002835,LOC019,ITM0135,252,20
INV0002836,LOC019,ITM0136,421,96
INV0002837,LOC019,ITM0137,373,51
INV0002838,LOC019,ITM0138,104,86
INV0002839,LOC019,ITM0139,60,43
INV0002840,LOC019,ITM0140,240,48
INV0002841,LOC019,ITM0141,37,78
INV0002842,LOC019,ITM0142,7,61
INV0002843,LOC019,ITM0143,123,98
INV0002844,LOC019,ITM0144,276,71
INV0002845,LOC019,ITM0145,187,33
INV0002846,LOC019,ITM0146,275,66
INV0002847,LOC019,ITM0147,379,74
INV0002848,LOC019,ITM0148,68,40
INV0002849,LOC019,ITM0149,95,36
INV0002850,LOC019,ITM0150,242,62
INV0002851,LOC020,ITM0001,186,81
INV0002852,LOC020,ITM0002,386,34
INV0002853,LOC020,ITM0003,150,53
INV0002854,LOC020,ITM0004,37,31
INV0002855,LOC020,ITM0005,211,62
INV0002856,LOC020,ITM0006,91,31
INV0002857,LOC020,ITM0007,331,100
INV0002858,LOC020,ITM0008,32,98
INV0002859,LOC020,ITM0009,382,28
INV0002860,LOC020,ITM0010,444,62
INV0002861,LOC020,ITM0011,477,53
INV0002862,LOC020,ITM0012,357,29
INV0002863,LOC020,ITM0013,49,22
INV0002864,LOC020,ITM0014,76,61
INV0002865,LOC020,ITM0015,89,41
INV0002866,LOC020,ITM0016,190,73
INV0002867,LOC020,ITM0017,175,65
INV0002868,LOC020,ITM0018,262,82
INV0002869,LOC020,ITM0019,4,41
INV0002870,LOC020,ITM0020,227,47
INV0002871,LOC020,ITM0021,246,86
INV0002872,LOC020,ITM0022,450,78
INV0002873,LOC020,ITM0023,344,45
INV0002874,LOC020,ITM0024,201,69
INV0002875,LOC020,ITM0025,182,84
INV0002876,LOC020,ITM0026,22,42
INV0002877,LOC020,ITM0027,243,68
INV0002878,LOC020,ITM0028,359,94
INV0002879,LOC020,ITM0029,435,94
INV0002880,LOC020,ITM0030,439,79
INV0002881,LOC020,ITM0031,375,90
INV0002882,LOC020,ITM0032,289,65
INV0002883,LOC020,ITM0033,123,28
INV0002884,LOC020,ITM0034,259,48
INV0002885,LOC020,ITM0035,97,84
INV0002886,LOC020,ITM0036,7,36
INV0002887,LOC020,ITM0037,192,96
INV0002888,LOC020,ITM0038,357,68
INV0002889,LOC020,ITM0039,297,51
INV0002890,LOC020,ITM0040,375,43
INV0002891,LOC020,ITM0041,241,22
INV0002892,LOC020,ITM0042,447,77
INV0002893,LOC020,ITM0043,455,36
INV0002894,LOC020,ITM0044,9,29
INV0002895,LOC020,ITM0045,70,83
INV0002896,LOC020,ITM0046,173,95
INV0002897,LOC020,ITM0047,86,67
INV0002898,LOC020,ITM0048,104,93
INV0002899,LOC020,ITM0049,106,72
INV0002900,LOC020,ITM0050,419,58
INV0002901,LOC020,ITM0051,204,85
INV0002902,LOC020,ITM0052,445,100
INV0002903,LOC020,ITM0053,455,79
INV0002904,LOC020,ITM0054,156,86
INV0002905,LOC020,ITM0055,437,20
INV0002906,LOC020,ITM0056,6,49
INV0002907,LOC020,ITM0057,294,65
INV0002908,LOC020,ITM0058,357,58
INV0002909,LOC020,ITM0059,453,91
INV0002910,LOC020,ITM0060,318,66
INV0002911,LOC020,ITM0061,395,64
INV0002912,LOC020,ITM0062,437,20
INV0002913,LOC020,ITM0063,277,57
INV0002914,LOC020,ITM0064,93,44
INV0002915,LOC020,ITM0065,298,70
INV0002916,LOC020,ITM0066,66,65
INV0002917,LOC020,ITM0067,396,44
INV0002918,LOC020,ITM0068,190,43
INV0002919,LOC020,ITM0069,134,41
INV0002920,LOC020,ITM0070,172,95
INV0002921,LOC020,ITM0071,338,42
INV0002922,LOC020,ITM0072,366,57
INV0002923,LOC020,ITM0073,476,92
INV0002924,LOC020,ITM0074,326,88
INV0002925,LOC020,ITM0075,279,29
INV0002926,LOC020,ITM0076,15,55
INV0002927,LOC020,ITM0077,315,68
INV0002928,LOC020,ITM0078,118,96
INV0002929,LOC020,ITM0079,345,89
INV0002930,LOC020,ITM0080,377,63
INV0002931,LOC020,ITM0081,78,68
INV0002932,LOC020,ITM0082,426,37
INV0002933,LOC020,ITM0083,266,41
INV0002934,LOC020,ITM0084,451,57
INV0002935,LOC020,ITM0085,288,20
INV0002936,LOC020,ITM0086,156,58
INV0002937,LOC020,ITM0087,179,99
INV0002938,LOC020,ITM0088,191,43
INV0002939,LOC020,ITM0089,466,25
INV0002940,LOC020,ITM0090,334,85
INV0002941,LOC020,ITM0091,74,56
INV0002942,LOC020,ITM0092,332,67
INV0002943,LOC020,ITM0093,241,76
INV0002944,LOC020,ITM0094,159,43
INV0002945,LOC020,ITM0095,441,74
INV0002946,LOC020,ITM0096,212,29
INV0002947,LOC020,ITM0097,183,43
INV0002948,LOC020,ITM0098,350,84
INV0002949,LOC020,ITM0099,350,75
INV0002950,LOC020,ITM0100,397,90
INV0002951,LOC020,ITM0101,39,82
INV0002952,LOC020,ITM0102,110,68
INV0002953,LOC020,ITM0103,470,25
INV0002954,LOC020,ITM0104,157,78
INV0002955,LOC020,ITM0105,391,48
INV0002956,LOC020,ITM0106,213,92
INV0002957,LOC020,ITM0107,19,29
INV0002958,LOC020,ITM0108,481,66
INV0002959,LOC020,ITM0109,340,34
INV0002960,LOC020,ITM0110,231,92
INV0002961,LOC020,ITM0111,308,62
INV0002962,LOC020,ITM0112,229,87
INV0002963,LOC020,ITM0113,478,31
INV0002964,LOC020,ITM0114,472,91
INV0002965,LOC020,ITM0115,215,71
INV0002966,LOC020,ITM0116,78,90
INV0002967,LOC020,ITM0117,269,52
INV0002968,LOC020,ITM0118,214,90
INV0002969,LOC020,ITM0119,124,24
INV0002970,LOC020,ITM0120,319,70
INV0002971,LOC020,ITM0121,403,55
INV0002972,LOC020,ITM0122,438,46
INV0002973,LOC020,ITM0123,166,69
INV0002974,LOC020,ITM0124,465,91
INV0002975,LOC020,ITM0125,61,34
INV0002976,LOC020,ITM0126,452,30
INV0002977,LOC020,ITM0127,31,100
INV0002978,LOC020,ITM0128,408,60
INV0002979,LOC020,ITM0129,122,58
INV0002980,LOC020,ITM0130,430,20
INV0002981,LOC020,ITM0131,65,22
INV0002982,LOC020,ITM0132,344,26
INV0002983,LOC020,ITM0133,236,89
INV0002984,LOC020,ITM0134,138,50
INV0002985,LOC020,ITM0135,26,46
INV0002986,LOC020,ITM0136,75,43
INV0002987,LOC020,ITM0137,311,100
INV0002988,LOC020,ITM0138,358,79
INV0002989,LOC020,ITM0139,104,46
INV0002990,LOC020,ITM0140,463,52
INV0002991,LOC020,ITM0141,293,70
INV0002992,LOC020,ITM0142,57,45
INV0002993,LOC020,ITM0143,121,34
INV0002994,LOC020,ITM0144,194,40
INV0002995,LOC020,ITM0145,239,61
INV0002996,LOC020,ITM0146,486,20
INV0002997,LOC020,ITM0147,120,41
INV0002998,LOC020,ITM0148,92,54
INV0002999,LOC020,ITM0149,474,35
INV0003000,LOC020,ITM0150,66,31
