price_id,item_id,old_price,new_price,change_date
PRC000001,ITM0001,100.1,383.7,2024-05-05
PRC000002,ITM0001,150.44,381.41,2024-12-12
PRC000003,ITM0001,383.3,295.41,2024-10-29
PRC000004,ITM0002,64.3,92.16,2024-04-29
PRC000005,ITM0002,277.41,61.94,2024-04-11
PRC000006,ITM0003,342.45,295.22,2024-04-22
PRC000007,ITM0003,252.14,175.19,2024-01-04
PRC000008,ITM0003,391.46,121.85,2024-08-04
PRC000009,ITM0004,175.04,146.89,2024-06-21
PRC000010,ITM0004,95.99,220.97,2024-07-02
PRC000011,ITM0005,321.68,413.21,2024-08-23
PRC000012,ITM0005,291.3,487.9,2024-07-12
PRC000013,ITM0006,298.42,423.23,2024-11-12
PRC000014,ITM0007,309.81,367.06,2024-01-24
PRC000015,ITM0007,347.57,397.88,2024-02-10
PRC000016,ITM0008,439.92,221.06,2024-08-20
PRC000017,ITM0009,425.35,123.19,2024-06-30
PRC000018,ITM0009,144.28,170.14,2024-12-15
PRC000019,ITM0009,341.62,324.11,2024-03-28
PRC000020,ITM0010,378.11,123.53,2024-07-13
PRC000021,ITM0010,171.48,466.43,2024-12-18
PRC000022,ITM0010,300.63,358.08,2024-01-29
PRC000023,ITM0011,419.81,412.27,2024-07-24
PRC000024,ITM0012,79.78,460.91,2024-10-17
PRC000025,ITM0012,444.37,191.61,2024-12-01
PRC000026,ITM0013,228.03,461.55,2024-08-22
PRC000027,ITM0013,114.29,112.83,2024-10-14
PRC000028,ITM0014,168.23,313.06,2024-10-25
PRC000029,ITM0014,229.73,148.69,2024-03-11
PRC000030,ITM0014,279.29,90.91,2024-01-25
PRC000031,ITM0015,118.78,121.99,2024-12-14
PRC000032,ITM0016,318.38,223.15,2024-11-01
PRC000033,ITM0016,498.25,288.1,2024-10-10
PRC000034,ITM0017,356.13,101.55,2024-10-01
PRC000035,ITM0018,395.87,203.08,2024-05-30
PRC000036,ITM0018,245.64,254.18,2024-05-14
PRC000037,ITM0019,392.88,278.46,2024-02-24
PRC000038,ITM0019,441.73,184.3,2024-11-23
PRC000039,ITM0019,278.45,139.51,2024-07-10
PRC000040,ITM0020,292.72,400.38,2024-09-28
PRC000041,ITM0021,319.53,269.87,2024-02-27
PRC000042,ITM0022,445.42,424.25,2024-06-06
PRC000043,ITM0022,157.75,158.39,2024-10-17
PRC000044,ITM0023,88.54,268.7,2024-02-05
PRC000045,ITM0024,394.63,107.78,2024-08-31
PRC000046,ITM0024,476.08,124.31,2024-09-27
PRC000047,ITM0024,442.59,240.41,2024-04-18
PRC000048,ITM0025,389.87,360.44,2024-12-31
PRC000049,ITM0025,190.27,497.82,2024-11-28
PRC000050,ITM0025,218.04,454.83,2024-08-19
PRC000051,ITM0026,161.56,78.81,2024-01-11
PRC000052,ITM0027,299.26,314.8,2024-01-04
PRC000053,ITM0027,81.95,334.0,2024-04-27
PRC000054,ITM0027,80.33,64.14,2024-06-18
PRC000055,ITM0028,281.37,175.31,2024-09-05
PRC000056,ITM0029,292.66,375.51,2024-10-19
PRC000057,ITM0030,262.7,403.08,2024-07-27
PRC000058,ITM0030,135.68,93.62,2024-08-08
PRC000059,ITM0030,209.43,235.0,2024-01-28
PRC000060,ITM0031,344.05,340.78,2024-02-01
PRC000061,ITM0031,231.18,202.69,2024-02-25
PRC000062,ITM0031,161.9,135.59,2024-08-17
PRC000063,ITM0032,239.85,175.35,2024-05-07
PRC000064,ITM0033,249.41,437.61,2024-10-08
PRC000065,ITM0034,72.76,499.68,2024-01-08
PRC000066,ITM0035,466.87,431.91,2024-03-26
PRC000067,ITM0036,268.54,146.19,2024-07-24
PRC000068,ITM0036,456.1,124.09,2024-01-02
PRC000069,ITM0037,169.34,402.83,2024-08-20
PRC000070,ITM0037,178.36,363.47,2024-10-11
PRC000071,ITM0038,373.28,119.66,2024-05-31
PRC000072,ITM0038,147.97,76.32,2024-10-04
PRC000073,ITM0038,77.43,191.12,2024-01-26
PRC000074,ITM0039,264.55,463.72,2024-09-28
PRC000075,ITM0039,120.84,482.35,2024-02-11
PRC000076,ITM0039,433.1,80.83,2024-02-04
PRC000077,ITM0040,437.82,231.7,2024-10-18
PRC000078,ITM0040,160.8,317.53,2024-11-13
PRC000079,ITM0040,86.89,345.82,2024-10-16
PRC000080,ITM0041,192.37,167.34,2024-12-08
PRC000081,ITM0041,372.29,157.41,2024-07-21
PRC000082,ITM0041,108.9,340.48,2024-08-22
PRC000083,ITM0042,468.06,471.08,2024-01-05
PRC000084,ITM0042,256.23,499.3,2024-02-21
PRC000085,ITM0043,291.94,277.65,2024-03-08
PRC000086,ITM0044,446.39,445.67,2024-07-08
PRC000087,ITM0044,178.24,247.18,2024-10-05
PRC000088,ITM0045,186.13,492.73,2024-11-30
PRC000089,ITM0045,288.02,350.54,2024-10-10
PRC000090,ITM0045,184.72,348.52,2024-03-09
PRC000091,ITM0046,101.94,98.17,2024-10-10
PRC000092,ITM0046,119.95,176.79,2024-04-17
PRC000093,ITM0047,204.3,359.37,2024-05-15
PRC000094,ITM0047,277.43,163.0,2024-01-27
PRC000095,ITM0047,91.53,240.61,2024-05-21
PRC000096,ITM0048,51.6,397.0,2024-11-22
PRC000097,ITM0049,122.71,248.83,2024-12-27
PRC000098,ITM0049,242.46,54.35,2024-02-08
PRC000099,ITM0050,456.77,295.52,2024-07-08
PRC000100,ITM0050,312.13,116.64,2024-03-06
PRC000101,ITM0050,68.82,214.09,2024-01-21
PRC000102,ITM0051,144.53,162.29,2024-02-22
PRC000103,ITM0051,209.16,301.95,2024-07-27
PRC000104,ITM0052,387.26,466.59,2024-05-01
PRC000105,ITM0052,439.07,489.29,2024-03-31
PRC000106,ITM0052,446.64,61.15,2024-06-19
PRC000107,ITM0053,411.01,438.83,2024-05-07
PRC000108,ITM0053,170.06,404.32,2024-02-25
PRC000109,ITM0054,442.48,436.37,2024-04-23
PRC000110,ITM0054,139.81,463.3,2024-06-28
PRC000111,ITM0055,419.24,442.1,2024-04-24
PRC000112,ITM0055,60.65,136.91,2024-06-17
PRC000113,ITM0056,438.96,485.1,2024-05-22
PRC000114,ITM0056,208.02,279.23,2024-12-13
PRC000115,ITM0057,199.02,62.42,2024-05-13
PRC000116,ITM0057,130.36,483.14,2024-05-15
PRC000117,ITM0057,67.22,318.46,2024-06-25
PRC000118,ITM0058,403.89,246.38,2024-09-18
PRC000119,ITM0058,102.04,454.78,2024-04-07
PRC000120,ITM0058,164.63,368.95,2024-01-01
PRC000121,ITM0059,466.51,292.3,2024-12-09
PRC000122,ITM0059,138.67,244.08,2024-12-06
PRC000123,ITM0059,464.35,330.42,2024-12-05
PRC000124,ITM0060,373.89,185.15,2024-06-07
PRC000125,ITM0061,233.78,231.08,2024-05-31
PRC000126,ITM0061,299.49,136.33,2024-12-06
PRC000127,ITM0061,473.16,354.79,2024-03-30
PRC000128,ITM0062,306.1,232.73,2024-01-01
PRC000129,ITM0062,186.74,144.58,2024-10-23
PRC000130,ITM0062,323.0,195.01,2024-08-14
PRC000131,ITM0063,354.03,280.03,2024-03-27
PRC000132,ITM0063,346.48,177.7,2024-12-05
PRC000133,ITM0064,328.67,92.02,2024-04-30
PRC000134,ITM0064,352.76,151.09,2024-04-11
PRC000135,ITM0064,116.31,70.8,2024-08-31
PRC000136,ITM0065,432.38,82.77,2024-07-31
PRC000137,ITM0065,448.76,309.05,2024-12-22
PRC000138,ITM0065,222.79,229.84,2024-03-16
PRC000139,ITM0066,359.43,451.7,2024-02-24
PRC000140,ITM0066,400.29,148.48,2024-12-22
PRC000141,ITM0066,283.08,72.6,2024-05-07
PRC000142,ITM0067,255.41,410.64,2024-12-07
PRC000143,ITM0068,494.55,317.95,2024-08-14
PRC000144,ITM0068,325.69,373.67,2024-09-15
PRC000145,ITM0068,242.03,458.08,2024-08-16
PRC000146,ITM0069,384.64,263.6,2024-05-12
PRC000147,ITM0070,427.94,174.79,2024-09-23
PRC000148,ITM0071,332.04,173.57,2024-02-09
PRC000149,ITM0071,371.1,155.52,2024-06-20
PRC000150,ITM0072,451.86,86.26,2024-03-18
PRC000151,ITM0072,154.07,362.28,2024-12-27
PRC000152,ITM0073,78.9,233.42,2024-10-04
PRC000153,ITM0074,237.1,143.08,2024-08-03
PRC000154,ITM0074,225.26,396.41,2024-12-22
PRC000155,ITM0075,435.53,394.52,2024-07-13
PRC000156,ITM0076,52.65,208.29,2024-07-18
PRC000157,ITM0076,434.05,479.04,2024-08-02
PRC000158,ITM0077,386.38,295.76,2024-11-04
PRC000159,ITM0077,454.02,269.7,2024-05-19
PRC000160,ITM0077,246.13,63.06,2024-06-21
PRC000161,ITM0078,355.61,231.94,2024-03-25
PRC000162,ITM0078,428.23,463.79,2024-11-14
PRC000163,ITM0078,290.36,458.12,2024-10-30
PRC000164,ITM0079,348.35,87.78,2024-08-07
PRC000165,ITM0079,111.06,257.76,2024-01-26
PRC000166,ITM0079,167.07,197.31,2024-08-20
PRC000167,ITM0080,201.88,445.84,2024-05-22
PRC000168,ITM0080,388.4,424.37,2024-05-09
PRC000169,ITM0081,261.64,387.06,2024-01-27
PRC000170,ITM0082,150.9,80.88,2024-11-29
PRC000171,ITM0082,68.12,63.96,2024-05-06
PRC000172,ITM0083,427.65,329.6,2024-05-02
PRC000173,ITM0084,263.1,101.48,2024-04-21
PRC000174,ITM0085,364.76,395.1,2024-03-26
PRC000175,ITM0085,322.65,483.68,2024-02-28
PRC000176,ITM0086,484.12,98.64,2024-01-14
PRC000177,ITM0087,309.11,458.61,2024-07-11
PRC000178,ITM0087,228.49,371.76,2024-02-08
PRC000179,ITM0088,360.78,332.26,2024-02-22
PRC000180,ITM0088,363.74,185.71,2024-12-16
PRC000181,ITM0088,320.19,104.47,2024-10-16
PRC000182,ITM0089,206.24,242.77,2024-07-08
PRC000183,ITM0090,277.68,203.55,2024-08-03
PRC000184,ITM0091,97.49,482.35,2024-11-21
PRC000185,ITM0091,451.21,256.88,2024-03-19
PRC000186,ITM0092,129.26,284.79,2024-11-29
PRC000187,ITM0092,171.54,413.69,2024-10-02
PRC000188,ITM0093,259.19,421.58,2024-10-30
PRC000189,ITM0093,170.78,433.27,2024-02-14
PRC000190,ITM0094,446.73,159.74,2024-08-25
PRC000191,ITM0094,306.43,350.68,2024-06-21
PRC000192,ITM0095,272.44,196.26,2024-09-06
PRC000193,ITM0096,209.67,166.26,2024-05-23
PRC000194,ITM0097,365.53,174.32,2024-01-06
PRC000195,ITM0097,282.48,135.98,2024-05-03
PRC000196,ITM0097,374.03,269.86,2024-05-03
PRC000197,ITM0098,264.24,370.33,2024-08-17
PRC000198,ITM0098,406.82,91.87,2024-04-23
PRC000199,ITM0098,231.98,159.49,2024-12-05
PRC000200,ITM0099,216.06,299.06,2024-06-25
PRC000201,ITM0099,241.48,385.67,2024-06-18
PRC000202,ITM0099,208.31,254.19,2024-06-05
PRC000203,ITM0100,153.74,374.58,2024-06-10
PRC000204,ITM0100,103.8,291.14,2024-12-19
PRC000205,ITM0101,136.19,382.37,2024-05-21
PRC000206,ITM0102,315.31,392.09,2024-11-01
PRC000207,ITM0102,177.35,95.24,2024-04-09
PRC000208,ITM0102,183.31,212.4,2024-06-03
PRC000209,ITM0103,368.61,106.96,2024-01-24
PRC000210,ITM0104,299.01,363.84,2024-03-05
PRC000211,ITM0105,440.81,270.9,2024-01-07
PRC000212,ITM0105,308.33,261.23,2024-08-13
PRC000213,ITM0105,203.32,484.47,2024-05-09
PRC000214,ITM0106,101.34,79.4,2024-09-08
PRC000215,ITM0106,83.34,333.25,2024-01-28
PRC000216,ITM0107,117.14,303.28,2024-06-04
PRC000217,ITM0108,497.26,103.3,2024-08-01
PRC000218,ITM0109,318.26,328.29,2024-09-24
PRC000219,ITM0109,221.17,458.83,2024-06-01
PRC000220,ITM0109,437.07,495.51,2024-06-05
PRC000221,ITM0110,329.46,324.33,2024-02-20
PRC000222,ITM0110,476.42,143.5,2024-04-18
PRC000223,ITM0110,169.09,86.53,2024-05-02
PRC000224,ITM0111,298.4,120.44,2024-07-28
PRC000225,ITM0112,360.22,261.46,2024-01-17
PRC000226,ITM0112,154.16,368.13,2024-12-25
PRC000227,ITM0113,82.03,155.04,2024-05-15
PRC000228,ITM0113,404.52,331.28,2024-12-04
PRC000229,ITM0114,241.31,295.05,2024-11-27
PRC000230,ITM0115,458.79,421.98,2024-02-06
PRC000231,ITM0116,124.67,188.43,2024-10-18
PRC000232,ITM0117,247.62,260.91,2024-06-04
PRC000233,ITM0117,364.88,474.2,2024-09-13
PRC000234,ITM0118,272.21,86.2,2024-01-21
PRC000235,ITM0118,450.24,380.54,2024-11-05
PRC000236,ITM0118,162.67,91.1,2024-12-11
PRC000237,ITM0119,314.21,59.34,2024-12-10
PRC000238,ITM0119,419.64,309.31,2024-03-30
PRC000239,ITM0119,261.73,343.18,2024-05-22
PRC000240,ITM0120,498.63,246.15,2024-09-08
PRC000241,ITM0121,261.5,233.76,2024-06-13
PRC000242,ITM0122,97.07,122.37,2024-07-29
PRC000243,ITM0122,362.15,179.7,2024-07-24
PRC000244,ITM0122,416.1,297.54,2024-08-20
PRC000245,ITM0123,191.53,195.47,2024-07-25
PRC000246,ITM0124,421.22,50.52,2024-10-04
PRC000247,ITM0124,257.89,74.39,2024-09-22
PRC000248,ITM0124,212.8,390.4,2024-11-16
PRC000249,ITM0125,392.0,141.6,2024-10-08
PRC000250,ITM0125,108.96,179.61,2024-12-23
PRC000251,ITM0126,104.64,487.92,2024-11-07
PRC000252,ITM0126,409.69,369.4,2024-06-08
PRC000253,ITM0127,56.15,233.6,2024-04-25
PRC000254,ITM0127,496.52,460.82,2024-08-24
PRC000255,ITM0127,476.18,341.47,2024-03-19
PRC000256,ITM0128,469.69,181.34,2024-12-27
PRC000257,ITM0128,173.04,425.63,2024-08-29
PRC000258,ITM0129,255.55,115.09,2024-04-07
PRC000259,ITM0130,278.71,445.7,2024-02-05
PRC000260,ITM0130,174.31,405.5,2024-07-31
PRC000261,ITM0130,202.94,404.47,2024-05-16
PRC000262,ITM0131,177.28,184.35,2024-10-27
PRC000263,ITM0132,499.51,270.34,2024-03-17
PRC000264,ITM0132,250.95,267.95,2024-06-19
PRC000265,ITM0132,298.36,294.54,2024-08-21
PRC000266,ITM0133,441.32,491.35,2024-05-02
PRC000267,ITM0133,307.31,155.1,2024-07-29
PRC000268,ITM0134,193.18,262.84,2024-07-14
PRC000269,ITM0135,494.79,406.58,2024-11-29
PRC000270,ITM0135,491.37,272.9,2024-01-19
PRC000271,ITM0136,276.03,315.58,2024-02-21
PRC000272,ITM0137,94.87,459.7,2024-01-08
PRC000273,ITM0137,375.1,234.49,2024-12-01
PRC000274,ITM0138,83.67,401.69,2024-05-15
PRC000275,ITM0139,330.47,228.87,2024-02-11
PRC000276,ITM0139,433.29,433.55,2024-09-30
PRC000277,ITM0140,479.36,332.06,2024-09-06
PRC000278,ITM0140,442.57,66.15,2024-02-05
PRC000279,ITM0141,334.02,464.42,2024-04-26
PRC000280,ITM0142,90.67,490.25,2024-11-20
PRC000281,ITM0142,366.75,95.23,2024-03-26
PRC000282,ITM0142,362.3,456.54,2024-01-24
PRC000283,ITM0143,408.26,182.02,2024-07-10
PRC000284,ITM0143,243.81,159.89,2024-07-29
PRC000285,ITM0144,356.81,131.03,2024-03-30
PRC000286,ITM0144,85.54,441.88,2024-11-13
PRC000287,ITM0144,357.41,273.95,2024-10-25
PRC000288,ITM0145,154.48,337.06,2024-08-23
PRC000289,ITM0146,350.08,454.51,2024-08-26
PRC000290,ITM0146,455.54,354.92,2024-03-21
PRC000291,ITM0147,248.78,205.5,2024-10-27
PRC000292,ITM0148,337.52,240.94,2024-05-08
PRC000293,ITM0148,255.58,185.95,2024-07-15
PRC000294,ITM0149,97.99,221.61,2024-07-02
PRC000295,ITM0149,308.67,496.71,2024-05-31
PRC000296,ITM0150,490.08,346.2,2024-05-20
