promo_id,item_id,discount_pct,start_date,end_date
PROMO001,ITM0003,30,2024-01-26,2024-12-29
PROMO002,ITM0074,15,2024-06-29,2024-11-24
PROMO003,ITM0049,30,2024-05-08,2024-11-13
PROMO004,ITM0025,10,2024-06-07,2024-12-22
PROMO005,ITM0009,30,2024-07-05,2024-11-12
PROMO006,ITM0024,20,2024-06-16,2024-12-19
PROMO007,ITM0045,15,2024-03-08,2024-12-12
PROMO008,ITM0136,30,2024-05-19,2024-11-17
PROMO009,ITM0066,25,2024-05-31,2024-12-09
PROMO010,ITM0030,25,2024-02-08,2024-11-14
PROMO011,ITM0058,25,2024-10-12,2024-12-12
PROMO012,ITM0024,25,2024-01-08,2024-11-29
PROMO013,ITM0138,10,2024-08-20,2024-12-13
PROMO014,ITM0068,30,2024-07-14,2024-12-13
PROMO015,ITM0028,15,2024-08-29,2024-10-30
PROMO016,ITM0144,20,2024-04-23,2024-11-04
PROMO017,ITM0119,20,2024-07-28,2024-11-10
PROMO018,ITM0036,10,2024-01-20,2024-12-04
PROMO019,ITM0127,10,2024-02-19,2024-11-26
PROMO020,ITM0138,15,2024-07-17,2024-12-24
PROMO021,ITM0095,30,2024-08-02,2024-11-15
PROMO022,ITM0107,10,2024-09-07,2024-12-18
PROMO023,ITM0072,10,2024-07-08,2024-11-23
PROMO024,ITM0114,25,2024-04-30,2024-12-12
PROMO025,ITM0026,20,2024-10-05,2024-12-11
PROMO026,ITM0016,25,2024-05-21,2024-11-20
PROMO027,ITM0032,25,2024-02-16,2024-11-23
PROMO028,ITM0006,10,2024-06-19,2024-11-27
PROMO029,ITM0033,30,2024-04-15,2024-11-04
PROMO030,ITM0142,15,2024-10-27,2024-11-23
PROMO031,ITM0060,20,2024-03-16,2024-10-27
PROMO032,ITM0071,15,2024-03-07,2024-11-28
PROMO033,ITM0045,10,2024-01-14,2024-11-12
PROMO034,ITM0004,20,2024-05-01,2024-12-07
PROMO035,ITM0005,15,2024-05-15,2024-11-02
PROMO036,ITM0033,25,2024-09-26,2024-11-10
PROMO037,ITM0017,25,2024-08-17,2024-12-12
PROMO038,ITM0132,30,2024-02-25,2024-12-23
PROMO039,ITM0129,15,2024-01-23,2024-12-04
PROMO040,ITM0118,10,2024-02-01,2024-12-27
PROMO041,ITM0103,25,2024-02-25,2024-12-28
PROMO042,ITM0114,10,2024-02-11,2024-12-07
PROMO043,ITM0038,10,2024-03-05,2024-12-01
PROMO044,ITM0150,30,2024-06-15,2024-12-14
PROMO045,ITM0136,20,2024-08-20,2024-12-30
PROMO046,ITM0111,10,2024-02-28,2024-11-23
PROMO047,ITM0111,25,2024-04-26,2024-12-18
PROMO048,ITM0087,25,2024-07-23,2024-12-19
PROMO049,ITM0025,20,2024-08-06,2024-12-06
PROMO050,ITM0066,20,2024-03-19,2024-12-26
PROMO051,ITM0018,10,2024-02-13,2024-11-07
PROMO052,ITM0111,10,2024-07-09,2024-11-12
PROMO053,ITM0143,10,2024-10-27,2024-12-08
PROMO054,ITM0032,25,2024-06-30,2024-12-20
PROMO055,ITM0014,20,2024-06-08,2024-12-11
PROMO056,ITM0027,30,2024-09-16,2024-11-23
PROMO057,ITM0040,25,2024-04-24,2024-11-09
PROMO058,ITM0090,30,2024-07-07,2024-11-10
PROMO059,ITM0072,30,2024-04-25,2024-12-20
PROMO060,ITM0144,30,2024-10-12,2024-10-30
PROMO061,ITM0069,10,2024-04-02,2024-11-30
PROMO062,ITM0080,20,2024-06-28,2024-10-27
PROMO063,ITM0047,15,2024-10-16,2024-12-17
PROMO064,ITM0018,15,2024-01-16,2024-11-07
PROMO065,ITM0136,15,2024-07-11,2024-12-19
PROMO066,ITM0117,20,2024-03-21,2024-12-13
PROMO067,ITM0080,20,2024-10-17,2024-11-06
PROMO068,ITM0014,15,2024-03-21,2024-11-02
PROMO069,ITM0021,20,2024-08-14,2024-12-20
PROMO070,ITM0125,30,2024-08-14,2024-12-19
PROMO071,ITM0070,15,2024-09-19,2024-11-10
PROMO072,ITM0089,25,2024-02-26,2024-12-02
PROMO073,ITM0125,30,2024-06-06,2024-11-01
PROMO074,ITM0057,25,2024-01-29,2024-10-27
PROMO075,ITM0053,20,2024-04-18,2024-11-13
PROMO076,ITM0066,20,2024-06-16,2024-11-11
PROMO077,ITM0002,25,2024-08-08,2024-11-18
PROMO078,ITM0034,25,2024-09-29,2024-11-25
PROMO079,ITM0129,30,2024-06-30,2024-11-05
PROMO080,ITM0102,10,2024-08-11,2024-10-29
PROMO081,ITM0118,10,2024-06-09,2024-12-20
PROMO082,ITM0147,25,2024-08-01,2024-12-03
PROMO083,ITM0030,25,2024-01-11,2024-12-07
PROMO084,ITM0044,30,2024-08-23,2024-12-12
PROMO085,ITM0023,25,2024-02-24,2024-11-27
PROMO086,ITM0112,30,2024-07-24,2024-11-06
PROMO087,ITM0102,20,2024-06-22,2024-11-24
PROMO088,ITM0086,15,2024-02-09,2024-12-31
PROMO089,ITM0030,30,2024-09-18,2024-11-20
PROMO090,ITM0090,20,2024-03-16,2024-11-26
PROMO091,ITM0027,15,2024-05-11,2024-11-21
PROMO092,ITM0045,30,2024-03-19,2024-11-05
PROMO093,ITM0046,25,2024-08-25,2024-12-23
PROMO094,ITM0145,30,2024-06-14,2024-12-06
PROMO095,ITM0039,25,2024-02-04,2024-12-26
PROMO096,ITM0114,20,2024-05-20,2024-11-03
PROMO097,ITM0091,30,2024-02-07,2024-12-05
PROMO098,ITM0119,25,2024-01-20,2024-11-03
PROMO099,ITM0095,20,2024-02-09,2024-11-07
PROMO100,ITM0130,25,2024-08-24,2024-11-01
